atoll,region,species,nbirds
Ahunui,Polynesia,Anous_stolidus,837.0
Aldabra,Indian_Ocean,Anous_stolidus,3500.0
Atafu,Polynesia,Anous_stolidus,20000.0
Bellona,Melanesia,Anous_stolidus,27000.0
Byramgore,Indian_Ocean,Anous_stolidus,250.0
Caroline,Polynesia,Anous_stolidus,2982.0
Cherbaniani,Indian_Ocean,Anous_stolidus,1700.0
Clipperton,Polynesia,Anous_stolidus,3374.0
Enderbury,Polynesia,Anous_stolidus,4000.0
Faaite,Polynesia,Anous_stolidus,50.0
Fakarava,Polynesia,Anous_stolidus,91.0
Fangataufa,Polynesia,Anous_stolidus,100.0
Farquhar,Indian_Ocean,Anous_stolidus,38278.0
French_Frigate_Shoals,Polynesia,Anous_stolidus,10182.0
Glorioso,Indian_Ocean,Anous_stolidus,600.0
Haraiki,Polynesia,Anous_stolidus,333.0
Johnston,Polynesia,Anous_stolidus,24000.0
Kademat,Indian_Ocean,Anous_stolidus,6600.0
Kiritimati,Polynesia,Anous_stolidus,22000.0
Laysan,Polynesia,Anous_stolidus,30000.0
Malden,Polynesia,Anous_stolidus,1000.0
Manra,Polynesia,Anous_stolidus,50.0
Maria,Polynesia,Anous_stolidus,72.0
Maupihaa,Polynesia,Anous_stolidus,562.0
McKean,Polynesia,Anous_stolidus,6000.0
Midway,Polynesia,Anous_stolidus,2000.0
Nikumaroro,Polynesia,Anous_stolidus,40.0
Nupani,Melanesia,Anous_stolidus,300.0
Orona,Polynesia,Anous_stolidus,20.0
Pearl_and_Hermes,Polynesia,Anous_stolidus,8395.0
Peros_Banhos,Indian_Ocean,Anous_stolidus,1582.0
Rawaki,Polynesia,Anous_stolidus,6000.0
Reitoru,Polynesia,Anous_stolidus,660.0
Suheli_Par,Indian_Ocean,Anous_stolidus,150.0
Surprise,Melanesia,Anous_stolidus,737.0
Suwarrow,Polynesia,Anous_stolidus,544.0
Swains,Polynesia,Anous_stolidus,474.0
Tahanea,Polynesia,Anous_stolidus,860.0
Tekokota,Polynesia,Anous_stolidus,1068.0
Temoe,Polynesia,Anous_stolidus,200.0
Toau,Polynesia,Anous_stolidus,300.0
Tubbataha,Micronesia,Anous_stolidus,1702.0
Vahanga,Polynesia,Anous_stolidus,20.0
Wake,Micronesia,Anous_stolidus,1000.0
Ahunui,Polynesia,Anous_minutus,288.0
Atafu,Polynesia,Anous_minutus,30000.0
Bellona,Melanesia,Anous_minutus,4800.0
Caroline,Polynesia,Anous_minutus,16784.0
Clipperton,Polynesia,Anous_minutus,1374.0
Enderbury,Polynesia,Anous_minutus,10000.0
Faaite,Polynesia,Anous_minutus,1000.0
Fakarava,Polynesia,Anous_minutus,141.0
Fangataufa,Polynesia,Anous_minutus,70.0
French_Frigate_Shoals,Polynesia,Anous_minutus,11000.0
Haraiki,Polynesia,Anous_minutus,100.0
Helen,Micronesia,Anous_minutus,3500.0
Johnston,Polynesia,Anous_minutus,600.0
Kiritimati,Polynesia,Anous_minutus,100000.0
Laysan,Polynesia,Anous_minutus,5000.0
Malden,Polynesia,Anous_minutus,200.0
Manra,Polynesia,Anous_minutus,1000.0
Maria,Polynesia,Anous_minutus,31.0
Maupihaa,Polynesia,Anous_minutus,6.0
McKean,Polynesia,Anous_minutus,1000.0
Midway,Polynesia,Anous_minutus,8000.0
Nikumaroro,Polynesia,Anous_minutus,1000.0
Nupani,Melanesia,Anous_minutus,500.0
Orona,Polynesia,Anous_minutus,4000.0
Pearl_and_Hermes,Polynesia,Anous_minutus,4300.0
Rawaki,Polynesia,Anous_minutus,20.0
Surprise,Melanesia,Anous_minutus,6200.0
Suwarrow,Polynesia,Anous_minutus,140.0
Swains,Polynesia,Anous_minutus,7092.0
Tahanea,Polynesia,Anous_minutus,540.0
Tekokota,Polynesia,Anous_minutus,11.0
Temoe,Polynesia,Anous_minutus,10.0
Toau,Polynesia,Anous_minutus,1300.0
Tubbataha,Micronesia,Anous_minutus,2876.0
Vahanga,Polynesia,Anous_minutus,10.0
Wake,Micronesia,Anous_minutus,2000.0
Farquhar,Indian_Ocean,Anous_tenuirostris,60.0
Peros_Banhos,Indian_Ocean,Anous_tenuirostris,41700.0
Caroline,Polynesia,Anous_ceruleus,10.0
French_Frigate_Shoals,Polynesia,Anous_ceruleus,6.0
Kiritimati,Polynesia,Anous_ceruleus,570.0
Malden,Polynesia,Anous_ceruleus,40.0
Rawaki,Polynesia,Anous_ceruleus,5000.0
Ahunui,Polynesia,Gygis_alba,260.0
Aldabra,Indian_Ocean,Gygis_alba,750.0
Atafu,Polynesia,Gygis_alba,10000.0
Caroline,Polynesia,Gygis_alba,7914.0
Clipperton,Polynesia,Gygis_alba,10.0
Enderbury,Polynesia,Gygis_alba,100.0
Faaite,Polynesia,Gygis_alba,50.0
Fakarava,Polynesia,Gygis_alba,289.0
Fangataufa,Polynesia,Gygis_alba,200.0
Farquhar,Indian_Ocean,Gygis_alba,200.0
French_Frigate_Shoals,Polynesia,Gygis_alba,3700.0
Haraiki,Polynesia,Gygis_alba,100.0
Helen,Micronesia,Gygis_alba,50.0
Johnston,Polynesia,Gygis_alba,840.0
Kiritimati,Polynesia,Gygis_alba,2500.0
Laysan,Polynesia,Gygis_alba,1500.0
Malden,Polynesia,Gygis_alba,50.0
Manra,Polynesia,Gygis_alba,200.0
Manuhangi,Polynesia,Gygis_alba,193.0
Maria,Polynesia,Gygis_alba,265.0
Maupihaa,Polynesia,Gygis_alba,138.0
McKean,Polynesia,Gygis_alba,100.0
Midway,Polynesia,Gygis_alba,40000.0
Nikumaroro,Polynesia,Gygis_alba,400.0
Nupani,Melanesia,Gygis_alba,7.0
Orona,Polynesia,Gygis_alba,600.0
Paraoa,Polynesia,Gygis_alba,494.0
Pearl_and_Hermes,Polynesia,Gygis_alba,10.0
Peros_Banhos,Indian_Ocean,Gygis_alba,616.0
Rawaki,Polynesia,Gygis_alba,1800.0
Reitoru,Polynesia,Gygis_alba,1184.0
Swains,Polynesia,Gygis_alba,4413.0
Tahanea,Polynesia,Gygis_alba,560.0
Tekokota,Polynesia,Gygis_alba,505.0
Temoe,Polynesia,Gygis_alba,500.0
Toau,Polynesia,Gygis_alba,300.0
Vahanga,Polynesia,Gygis_alba,100.0
Wake,Micronesia,Gygis_alba,400.0
Bellona,Melanesia,Onychoprion_fuscatus,15000.0
Byramgore,Indian_Ocean,Onychoprion_fuscatus,650.0
Caroline,Polynesia,Onychoprion_fuscatus,376400.0
Cherbaniani,Indian_Ocean,Onychoprion_fuscatus,5000.0
Clipperton,Polynesia,Onychoprion_fuscatus,200.0
Enderbury,Polynesia,Onychoprion_fuscatus,400000.0
Europa,Indian_Ocean,Onychoprion_fuscatus,3.0e6
Fangataufa,Polynesia,Onychoprion_fuscatus,50.0
Farquhar,Indian_Ocean,Onychoprion_fuscatus,561200.0
French_Frigate_Shoals,Polynesia,Onychoprion_fuscatus,250000.0
Glorioso,Indian_Ocean,Onychoprion_fuscatus,520000.0
Helen,Micronesia,Onychoprion_fuscatus,80000.0
Johnston,Polynesia,Onychoprion_fuscatus,500000.0
Kademat,Indian_Ocean,Onychoprion_fuscatus,9560.0
Kavaratti,Indian_Ocean,Onychoprion_fuscatus,2.0
Kiritimati,Polynesia,Onychoprion_fuscatus,500000.0
Laysan,Polynesia,Onychoprion_fuscatus,2.0e6
Malden,Polynesia,Onychoprion_fuscatus,500000.0
Manra,Polynesia,Onychoprion_fuscatus,4000.0
Maupihaa,Polynesia,Onychoprion_fuscatus,546002.0
McKean,Polynesia,Onychoprion_fuscatus,500.0
Midway,Polynesia,Onychoprion_fuscatus,200000.0
Nikumaroro,Polynesia,Onychoprion_fuscatus,9.0
Orona,Polynesia,Onychoprion_fuscatus,120000.0
Pearl_and_Hermes,Polynesia,Onychoprion_fuscatus,80000.0
Peros_Banhos,Indian_Ocean,Onychoprion_fuscatus,290000.0
Rawaki,Polynesia,Onychoprion_fuscatus,2.0e6
Surprise,Melanesia,Onychoprion_fuscatus,26774.0
Suwarrow,Polynesia,Onychoprion_fuscatus,176088.0
Swains,Polynesia,Onychoprion_fuscatus,27.0
Tekokota,Polynesia,Onychoprion_fuscatus,754.0
Tubbataha,Micronesia,Onychoprion_fuscatus,6000.0
Wake,Micronesia,Onychoprion_fuscatus,200000.0
Caroline,Polynesia,Onychoprion_lunatus,3000.0
Enderbury,Polynesia,Onychoprion_lunatus,1000.0
French_Frigate_Shoals,Polynesia,Onychoprion_lunatus,1789.0
Johnston,Polynesia,Onychoprion_lunatus,750.0
Kiritimati,Polynesia,Onychoprion_lunatus,850.0
Laysan,Polynesia,Onychoprion_lunatus,26000.0
Malden,Polynesia,Onychoprion_lunatus,14000.0
Manra,Polynesia,Onychoprion_lunatus,1200.0
McKean,Polynesia,Onychoprion_lunatus,1600.0
Midway,Polynesia,Onychoprion_lunatus,2000.0
Pearl_and_Hermes,Polynesia,Onychoprion_lunatus,1860.0
Rawaki,Polynesia,Onychoprion_lunatus,16000.0
Wake,Micronesia,Onychoprion_lunatus,60.0
Peros_Banhos,Indian_Ocean,Onychoprion_anaethetus,52.0
Surprise,Melanesia,Onychoprion_anaethetus,2.0
Aldabra,Indian_Ocean,Hydroprogne_caspia,25.0
Europa,Indian_Ocean,Hydroprogne_caspia,30.0
Farquhar,Indian_Ocean,Sterna_dougallii,134.0
Ouvéa,Melanesia,Sterna_dougallii,2.0
Peros_Banhos,Indian_Ocean,Sterna_dougallii,14.0
Aldabra,Indian_Ocean,Sterna_sumatrana,160.0
Atafu,Polynesia,Sterna_sumatrana,60.0
Bellona,Melanesia,Sterna_sumatrana,20.0
Farquhar,Indian_Ocean,Sterna_sumatrana,224.0
Helen,Micronesia,Sterna_sumatrana,350.0
Ouvéa,Melanesia,Sterna_sumatrana,130.0
Peros_Banhos,Indian_Ocean,Sterna_sumatrana,66.0
Surprise,Melanesia,Sterna_sumatrana,82.0
Aldabra,Indian_Ocean,Thalasseus_bergii,150.0
Bangaram,Indian_Ocean,Thalasseus_bergii,200.0
Bellona,Melanesia,Thalasseus_bergii,108.0
Byramgore,Indian_Ocean,Thalasseus_bergii,50.0
Cherbaniani,Indian_Ocean,Thalasseus_bergii,1900.0
Farquhar,Indian_Ocean,Thalasseus_bergii,100.0
Helen,Micronesia,Thalasseus_bergii,7000.0
Kademat,Indian_Ocean,Thalasseus_bergii,150.0
Kiritimati,Polynesia,Thalasseus_bergii,350.0
Maupihaa,Polynesia,Thalasseus_bergii,94.0
Ouvéa,Melanesia,Thalasseus_bergii,500.0
Peremul_Par,Indian_Ocean,Thalasseus_bergii,70.0
Peros_Banhos,Indian_Ocean,Thalasseus_bergii,144.0
Suheli_Par,Indian_Ocean,Thalasseus_bergii,750.0
Surprise,Melanesia,Thalasseus_bergii,397.0
Temoe,Polynesia,Thalasseus_bergii,2.0
Tubbataha,Micronesia,Thalasseus_bergii,13376.0
Bangaram,Indian_Ocean,Thalasseus_bengalensis,150.0
Bitra_Par,Indian_Ocean,Thalasseus_bengalensis,4.0
Byramgore,Indian_Ocean,Thalasseus_bengalensis,500.0
Cherbaniani,Indian_Ocean,Thalasseus_bengalensis,760.0
Kademat,Indian_Ocean,Thalasseus_bengalensis,50.0
Peremul_Par,Indian_Ocean,Thalasseus_bengalensis,70.0
Suheli_Par,Indian_Ocean,Thalasseus_bengalensis,1000.0
Aldabra,Indian_Ocean,Phaethon_lepturus,5060.0
Europa,Indian_Ocean,Phaethon_lepturus,2000.0
Johnston,Polynesia,Phaethon_lepturus,4.0
Kiritimati,Polynesia,Phaethon_lepturus,6.0
Midway,Polynesia,Phaethon_lepturus,10.0
Nikumaroro,Polynesia,Phaethon_lepturus,10.0
Peros_Banhos,Indian_Ocean,Phaethon_lepturus,4.0
Swains,Polynesia,Phaethon_lepturus,3.0
Wake,Micronesia,Phaethon_lepturus,5.0
Ahunui,Polynesia,Phaethon_rubricauda,13.0
Aldabra,Indian_Ocean,Phaethon_rubricauda,3758.0
Caroline,Polynesia,Phaethon_rubricauda,106.0
Clipperton,Polynesia,Phaethon_rubricauda,6.0
Enderbury,Polynesia,Phaethon_rubricauda,200.0
Europa,Indian_Ocean,Phaethon_rubricauda,9000.0
Fangataufa,Polynesia,Phaethon_rubricauda,120.0
French_Frigate_Shoals,Polynesia,Phaethon_rubricauda,444.0
Johnston,Polynesia,Phaethon_rubricauda,21600.0
Kiritimati,Polynesia,Phaethon_rubricauda,960.0
Laysan,Polynesia,Phaethon_rubricauda,4000.0
Malden,Polynesia,Phaethon_rubricauda,100.0
Manra,Polynesia,Phaethon_rubricauda,20.0
Maria,Polynesia,Phaethon_rubricauda,442.0
Maupihaa,Polynesia,Phaethon_rubricauda,48.0
McKean,Polynesia,Phaethon_rubricauda,170.0
Midway,Polynesia,Phaethon_rubricauda,15000.0
Nikumaroro,Polynesia,Phaethon_rubricauda,100.0
Orona,Polynesia,Phaethon_rubricauda,100.0
Paraoa,Polynesia,Phaethon_rubricauda,18.0
Pearl_and_Hermes,Polynesia,Phaethon_rubricauda,159.0
Rawaki,Polynesia,Phaethon_rubricauda,4800.0
Reitoru,Polynesia,Phaethon_rubricauda,78.0
Surprise,Melanesia,Phaethon_rubricauda,6.0
Suwarrow,Polynesia,Phaethon_rubricauda,764.0
Temoe,Polynesia,Phaethon_rubricauda,582.0
Vahanga,Polynesia,Phaethon_rubricauda,20.0
Wake,Micronesia,Phaethon_rubricauda,100.0
French_Frigate_Shoals,Polynesia,Phoebastria_immutabilis,1550.0
Laysan,Polynesia,Phoebastria_immutabilis,281720.0
Midway,Polynesia,Phoebastria_immutabilis,816260.0
Pearl_and_Hermes,Polynesia,Phoebastria_immutabilis,13820.0
Wake,Micronesia,Phoebastria_immutabilis,2.0
French_Frigate_Shoals,Polynesia,Phoebastria_nigripes,8518.0
Laysan,Polynesia,Phoebastria_nigripes,42012.0
Midway,Polynesia,Phoebastria_nigripes,43658.0
Pearl_and_Hermes,Polynesia,Phoebastria_nigripes,13292.0
Wake,Micronesia,Phoebastria_nigripes,6.0
Midway,Polynesia,Phoebastria_albatrus,2.0
Kiritimati,Polynesia,Nesofregetta_fuliginosa,350.0
McKean,Polynesia,Nesofregetta_fuliginosa,20.0
Rawaki,Polynesia,Nesofregetta_fuliginosa,150.0
French_Frigate_Shoals,Polynesia,Hydrobates_tristrami,544.0
Laysan,Polynesia,Hydrobates_tristrami,1400.0
Midway,Polynesia,Hydrobates_tristrami,100.0
Pearl_and_Hermes,Polynesia,Hydrobates_tristrami,7500.0
Fangataufa,Polynesia,Pterodroma_neglecta,2.0
Temoe,Polynesia,Pterodroma_neglecta,2.0
Vahanga,Polynesia,Pterodroma_neglecta,20.0
Fangataufa,Polynesia,Pterodroma_ultima,100.0
Temoe,Polynesia,Pterodroma_ultima,448.0
Vahanga,Polynesia,Pterodroma_ultima,20.0
French_Frigate_Shoals,Polynesia,Pterodroma_hypoleuca,750.0
Laysan,Polynesia,Pterodroma_hypoleuca,200000.0
Midway,Polynesia,Pterodroma_hypoleuca,300000.0
Pearl_and_Hermes,Polynesia,Pterodroma_hypoleuca,1000.0
Kiritimati,Polynesia,Pterodroma_alba,3050.0
Rawaki,Polynesia,Pterodroma_alba,120.0
French_Frigate_Shoals,Polynesia,Bulweria_bulwerii,518.0
Johnston,Polynesia,Bulweria_bulwerii,90.0
Laysan,Polynesia,Bulweria_bulwerii,15000.0
Midway,Polynesia,Bulweria_bulwerii,20.0
Pearl_and_Hermes,Polynesia,Bulweria_bulwerii,10.0
Rawaki,Polynesia,Bulweria_bulwerii,100.0
Bellona,Melanesia,Ardenna_pacifica,37000.0
Clipperton,Polynesia,Ardenna_pacifica,4.0
Enderbury,Polynesia,Ardenna_pacifica,94.0
French_Frigate_Shoals,Polynesia,Ardenna_pacifica,13000.0
Johnston,Polynesia,Ardenna_pacifica,4000.0
Kiritimati,Polynesia,Ardenna_pacifica,6250.0
Laysan,Polynesia,Ardenna_pacifica,300000.0
McKean,Polynesia,Ardenna_pacifica,4.0
Midway,Polynesia,Ardenna_pacifica,10000.0
Ouvéa,Melanesia,Ardenna_pacifica,1000.0
Pearl_and_Hermes,Polynesia,Ardenna_pacifica,26500.0
Peros_Banhos,Indian_Ocean,Ardenna_pacifica,4.0
Rawaki,Polynesia,Ardenna_pacifica,500.0
Surprise,Melanesia,Ardenna_pacifica,55160.0
Wake,Micronesia,Ardenna_pacifica,176.0
Enderbury,Polynesia,Puffinus_nativitatis,4.0
French_Frigate_Shoals,Polynesia,Puffinus_nativitatis,50.0
Johnston,Polynesia,Puffinus_nativitatis,120.0
Kiritimati,Polynesia,Puffinus_nativitatis,5500.0
Laysan,Polynesia,Puffinus_nativitatis,8000.0
Midway,Polynesia,Puffinus_nativitatis,400.0
Pearl_and_Hermes,Polynesia,Puffinus_nativitatis,50.0
Rawaki,Polynesia,Puffinus_nativitatis,1000.0
Enderbury,Polynesia,Puffinus_bailloni,100.0
Europa,Indian_Ocean,Puffinus_bailloni,100.0
Kiritimati,Polynesia,Puffinus_bailloni,3600.0
McKean,Polynesia,Puffinus_bailloni,120.0
Peros_Banhos,Indian_Ocean,Puffinus_bailloni,20.0
Rawaki,Polynesia,Puffinus_bailloni,1600.0
Aldabra,Indian_Ocean,Fregata_ariel,7000.0
Bellona,Melanesia,Fregata_ariel,800.0
Caroline,Polynesia,Fregata_ariel,112.0
Enderbury,Polynesia,Fregata_ariel,4000.0
Europa,Indian_Ocean,Fregata_ariel,4000.0
Helen,Micronesia,Fregata_ariel,100.0
Kiritimati,Polynesia,Fregata_ariel,100.0
Malden,Polynesia,Fregata_ariel,30000.0
Manra,Polynesia,Fregata_ariel,200.0
Maupihaa,Polynesia,Fregata_ariel,228.0
McKean,Polynesia,Fregata_ariel,85000.0
Nikumaroro,Polynesia,Fregata_ariel,120.0
Nupani,Melanesia,Fregata_ariel,200.0
Orona,Polynesia,Fregata_ariel,1200.0
Ouvéa,Melanesia,Fregata_ariel,10.0
Peros_Banhos,Indian_Ocean,Fregata_ariel,10.0
Rawaki,Polynesia,Fregata_ariel,42000.0
Reitoru,Polynesia,Fregata_ariel,1200.0
Surprise,Melanesia,Fregata_ariel,1587.0
Suwarrow,Polynesia,Fregata_ariel,8500.0
Swains,Polynesia,Fregata_ariel,27.0
Tahanea,Polynesia,Fregata_ariel,310.0
Toau,Polynesia,Fregata_ariel,150.0
Aldabra,Indian_Ocean,Fregata_minor,6000.0
Caroline,Polynesia,Fregata_minor,4854.0
Clipperton,Polynesia,Fregata_minor,642.0
Enderbury,Polynesia,Fregata_minor,600.0
Europa,Indian_Ocean,Fregata_minor,3000.0
Fakarava,Polynesia,Fregata_minor,135.0
Fangataufa,Polynesia,Fregata_minor,50.0
French_Frigate_Shoals,Polynesia,Fregata_minor,1413.0
Johnston,Polynesia,Fregata_minor,300.0
Kiritimati,Polynesia,Fregata_minor,800.0
Laysan,Polynesia,Fregata_minor,6500.0
Malden,Polynesia,Fregata_minor,6000.0
Maria,Polynesia,Fregata_minor,220.0
Maupihaa,Polynesia,Fregata_minor,139.0
McKean,Polynesia,Fregata_minor,800.0
Midway,Polynesia,Fregata_minor,140.0
Nikumaroro,Polynesia,Fregata_minor,2.0
Nupani,Melanesia,Fregata_minor,10.0
Orona,Polynesia,Fregata_minor,100.0
Paraoa,Polynesia,Fregata_minor,40.0
Pearl_and_Hermes,Polynesia,Fregata_minor,890.0
Peros_Banhos,Indian_Ocean,Fregata_minor,160.0
Rawaki,Polynesia,Fregata_minor,2500.0
Reitoru,Polynesia,Fregata_minor,810.0
Surprise,Melanesia,Fregata_minor,378.0
Suwarrow,Polynesia,Fregata_minor,250.0
Swains,Polynesia,Fregata_minor,11.0
Tahanea,Polynesia,Fregata_minor,60.0
Temoe,Polynesia,Fregata_minor,200.0
Toau,Polynesia,Fregata_minor,100.0
Vahanga,Polynesia,Fregata_minor,200.0
Wake,Micronesia,Fregata_minor,225.0
Bellona,Melanesia,Sula_dactylatra,76.0
Caroline,Polynesia,Sula_dactylatra,378.0
Enderbury,Polynesia,Sula_dactylatra,2000.0
Fangataufa,Polynesia,Sula_dactylatra,50.0
French_Frigate_Shoals,Polynesia,Sula_dactylatra,1190.0
Johnston,Polynesia,Sula_dactylatra,84.0
Kiritimati,Polynesia,Sula_dactylatra,25.0
Laysan,Polynesia,Sula_dactylatra,1500.0
Malden,Polynesia,Sula_dactylatra,20000.0
Manra,Polynesia,Sula_dactylatra,200.0
Maria,Polynesia,Sula_dactylatra,7.0
Maupihaa,Polynesia,Sula_dactylatra,15.0
McKean,Polynesia,Sula_dactylatra,2400.0
Midway,Polynesia,Sula_dactylatra,10.0
Nikumaroro,Polynesia,Sula_dactylatra,8.0
Orona,Polynesia,Sula_dactylatra,2.0
Pearl_and_Hermes,Polynesia,Sula_dactylatra,585.0
Peros_Banhos,Indian_Ocean,Sula_dactylatra,48.0
Rawaki,Polynesia,Sula_dactylatra,10000.0
Surprise,Melanesia,Sula_dactylatra,250.0
Suwarrow,Polynesia,Sula_dactylatra,42.0
Temoe,Polynesia,Sula_dactylatra,84.0
Tubbataha,Micronesia,Sula_dactylatra,2.0
Wake,Micronesia,Sula_dactylatra,70.0
Clipperton,Polynesia,Sula_granti,4239.0
Atafu,Polynesia,Sula_leucogaster,10.0
Bellona,Melanesia,Sula_leucogaster,2.0
Caroline,Polynesia,Sula_leucogaster,30.0
Clipperton,Polynesia,Sula_leucogaster,15300.0
Enderbury,Polynesia,Sula_leucogaster,2000.0
Fakarava,Polynesia,Sula_leucogaster,146.0
French_Frigate_Shoals,Polynesia,Sula_leucogaster,130.0
Helen,Micronesia,Sula_leucogaster,750.0
Johnston,Polynesia,Sula_leucogaster,1100.0
Kiritimati,Polynesia,Sula_leucogaster,25.0
Laysan,Polynesia,Sula_leucogaster,150.0
Malden,Polynesia,Sula_leucogaster,400.0
Maria,Polynesia,Sula_leucogaster,88.0
Maupihaa,Polynesia,Sula_leucogaster,96.0
McKean,Polynesia,Sula_leucogaster,150.0
Midway,Polynesia,Sula_leucogaster,4.0
Nupani,Melanesia,Sula_leucogaster,100.0
Pearl_and_Hermes,Polynesia,Sula_leucogaster,200.0
Peros_Banhos,Indian_Ocean,Sula_leucogaster,8.0
Rawaki,Polynesia,Sula_leucogaster,460.0
Surprise,Melanesia,Sula_leucogaster,2507.0
Suwarrow,Polynesia,Sula_leucogaster,150.0
Swains,Polynesia,Sula_leucogaster,2.0
Tahanea,Polynesia,Sula_leucogaster,55.0
Temoe,Polynesia,Sula_leucogaster,3.0
Toau,Polynesia,Sula_leucogaster,150.0
Tubbataha,Micronesia,Sula_leucogaster,3800.0
Wake,Micronesia,Sula_leucogaster,300.0
Ahunui,Polynesia,Sula_sula,313.0
Aldabra,Indian_Ocean,Sula_sula,12000.0
Atafu,Polynesia,Sula_sula,1000.0
Bellona,Melanesia,Sula_sula,720.0
Caroline,Polynesia,Sula_sula,4442.0
Clipperton,Polynesia,Sula_sula,293.0
Enderbury,Polynesia,Sula_sula,1000.0
Europa,Indian_Ocean,Sula_sula,9000.0
Fakarava,Polynesia,Sula_sula,143.0
Fangataufa,Polynesia,Sula_sula,100.0
Farquhar,Indian_Ocean,Sula_sula,17552.0
French_Frigate_Shoals,Polynesia,Sula_sula,757.0
Helen,Micronesia,Sula_sula,2500.0
Johnston,Polynesia,Sula_sula,2480.0
Kiritimati,Polynesia,Sula_sula,36000.0
Laysan,Polynesia,Sula_sula,2500.0
Malden,Polynesia,Sula_sula,2000.0
Manra,Polynesia,Sula_sula,100.0
Maria,Polynesia,Sula_sula,397.0
Maupihaa,Polynesia,Sula_sula,263.0
McKean,Polynesia,Sula_sula,100.0
Midway,Polynesia,Sula_sula,950.0
Nikumaroro,Polynesia,Sula_sula,400.0
Nupani,Melanesia,Sula_sula,200.0
Orona,Polynesia,Sula_sula,1000.0
Paraoa,Polynesia,Sula_sula,72.0
Pearl_and_Hermes,Polynesia,Sula_sula,200.0
Peros_Banhos,Indian_Ocean,Sula_sula,2724.0
Rawaki,Polynesia,Sula_sula,6000.0
Reitoru,Polynesia,Sula_sula,612.0
Surprise,Melanesia,Sula_sula,3355.0
Suwarrow,Polynesia,Sula_sula,1782.0
Swains,Polynesia,Sula_sula,864.0
Tahanea,Polynesia,Sula_sula,175.0
Temoe,Polynesia,Sula_sula,450.0
Toau,Polynesia,Sula_sula,500.0
Tubbataha,Micronesia,Sula_sula,422.0
Vahanga,Polynesia,Sula_sula,100.0
Wake,Micronesia,Sula_sula,3000.0
Abemama,Micronesia,Anous_stolidus,177.01010470442884
Addu,Indian_Ocean,Anous_stolidus,590.4417574977646
Ahe,Polynesia,Anous_stolidus,211.26189050048583
Ailinginae,Micronesia,Anous_stolidus,168.8583759482771
Ailuk,Micronesia,Anous_stolidus,481.6298678897412
Anaa,Polynesia,Anous_stolidus,610.8061657851532
Ant,Micronesia,Anous_stolidus,7.484244874926744
Anuanuraro,Polynesia,Anous_stolidus,369.04101402016806
Anuanurunga,Polynesia,Anous_stolidus,307.5620604838632
Apataki,Polynesia,Anous_stolidus,341.51300751366307
Aranuka,Micronesia,Anous_stolidus,155.46329450654994
Aratika,Polynesia,Anous_stolidus,262.282537366332
Arno,Micronesia,Anous_stolidus,113.18421219474241
Arutua,Polynesia,Anous_stolidus,332.65342838187644
Aur,Micronesia,Anous_stolidus,195.40031602317
Bikar,Micronesia,Anous_stolidus,369.2967819366432
Bikini,Micronesia,Anous_stolidus,352.68827808271254
Bokaak,Micronesia,Anous_stolidus,720.2475736887492
Butaritari,Micronesia,Anous_stolidus,195.67774187886923
Erikub,Micronesia,Anous_stolidus,150.92854878399055
Etal,Micronesia,Anous_stolidus,16.574176054116773
Fakahina,Polynesia,Anous_stolidus,651.3068279142417
Fakaofo,Polynesia,Anous_stolidus,246.90653038768164
Funafuti,Polynesia,Anous_stolidus,401.92186551040817
Hao,Polynesia,Anous_stolidus,432.5502713742801
Hereheretui,Polynesia,Anous_stolidus,1025.5314920087878
Jaluit,Micronesia,Anous_stolidus,416.1899343059286
Jemo,Micronesia,Anous_stolidus,151.2957644790414
Kapingamarangi,Micronesia,Anous_stolidus,116.66799672494986
Kauehi,Polynesia,Anous_stolidus,256.17911238552443
Kaukura,Polynesia,Anous_stolidus,315.83905303026677
Kuria,Micronesia,Anous_stolidus,144.40479005972017
Kwajalein,Micronesia,Anous_stolidus,597.9180414723043
Lae,Micronesia,Anous_stolidus,210.2778871843749
Likiep,Micronesia,Anous_stolidus,359.9651328307845
Losap,Micronesia,Anous_stolidus,41.902732725950656
Lukunor,Micronesia,Anous_stolidus,18.25554430403805
Maiana,Micronesia,Anous_stolidus,174.49919334886104
Majuro,Micronesia,Anous_stolidus,99.37911708541262
Manihi,Polynesia,Anous_stolidus,333.0554290584722
Manihiki,Polynesia,Anous_stolidus,282.76842108968754
Marakei,Micronesia,Anous_stolidus,165.61156506911024
Maria_Est,Polynesia,Anous_stolidus,206.92148343182652
Marutea_Sud,Polynesia,Anous_stolidus,708.145512188986
Mataiva,Polynesia,Anous_stolidus,355.3655959070216
Matureivavao,Polynesia,Anous_stolidus,177.1136419528235
Mili,Micronesia,Anous_stolidus,137.22768081495195
Mokil,Micronesia,Anous_stolidus,89.390756343376
Moruroa,Polynesia,Anous_stolidus,591.7520462094002
Motu_One,Polynesia,Anous_stolidus,502.7096366259324
Namoluk,Micronesia,Anous_stolidus,58.45572650263161
Namu,Micronesia,Anous_stolidus,378.83173235905736
Napuka,Polynesia,Anous_stolidus,620.2816133869834
Nengonengo,Polynesia,Anous_stolidus,492.2034387912626
Ngcheangel,Micronesia,Anous_stolidus,21.91742048807279
Niau,Polynesia,Anous_stolidus,280.4615766007816
Ninigo,Melanesia,Anous_stolidus,177.1968583507192
Niutao,Polynesia,Anous_stolidus,491.77669707898053
Nonouti,Micronesia,Anous_stolidus,236.1144962335544
Nuguria,Melanesia,Anous_stolidus,148.70105325092828
Nukapu,Melanesia,Anous_stolidus,41.649629618760734
Nukulaelae,Polynesia,Anous_stolidus,776.246389497263
Nukumanu,Melanesia,Anous_stolidus,268.09456386310364
Nukuoro,Micronesia,Anous_stolidus,82.1191123947918
Nukutepipi,Polynesia,Anous_stolidus,321.09036547586555
Onotoa,Micronesia,Anous_stolidus,287.63136572488617
Ontong_Java,Melanesia,Anous_stolidus,266.7037492979519
Oroluk,Micronesia,Anous_stolidus,158.2808562809016
Pakin,Micronesia,Anous_stolidus,12.577354707511605
Palmerston,Polynesia,Anous_stolidus,1880.359192535086
Pinaki,Polynesia,Anous_stolidus,526.6949329107682
Pingelap,Micronesia,Anous_stolidus,69.21944833607478
Pukapuka,Polynesia,Anous_stolidus,358.72547410498584
Pukarua,Polynesia,Anous_stolidus,411.5815571548996
Qelelevu,Melanesia,Anous_stolidus,391.5352635021486
Rakahanga,Polynesia,Anous_stolidus,244.6330333265625
Rangiroa,Polynesia,Anous_stolidus,144.38216585055827
Raroia,Polynesia,Anous_stolidus,308.6900455190244
Reao,Polynesia,Anous_stolidus,413.11165292029597
Rongelap,Micronesia,Anous_stolidus,248.26751241817735
Rongerik,Micronesia,Anous_stolidus,245.09966407389038
Sapwuahfik,Micronesia,Anous_stolidus,44.87577952379885
Satawan,Micronesia,Anous_stolidus,21.523721971075137
St_Joseph,Indian_Ocean,Anous_stolidus,493.66072097017815
Tabiteuea,Micronesia,Anous_stolidus,316.38897369478883
Taiaro,Polynesia,Anous_stolidus,249.14114709225552
Takapoto,Polynesia,Anous_stolidus,211.22183984675436
Takaroa,Polynesia,Anous_stolidus,343.06936134648083
Tarawa,Micronesia,Anous_stolidus,72.10626600347547
Tatakoto,Polynesia,Anous_stolidus,1061.3960154017584
Temitangi,Polynesia,Anous_stolidus,1626.3360109388157
Teraina,Polynesia,Anous_stolidus,1214.0044505737942
Tetiaroa,Polynesia,Anous_stolidus,118.90526909148814
Tikehau,Polynesia,Anous_stolidus,171.9254239832897
Tongareva,Polynesia,Anous_stolidus,1084.1493686504575
Tupai,Polynesia,Anous_stolidus,149.4182290963314
Tureia,Polynesia,Anous_stolidus,485.8549161137977
Ujae,Micronesia,Anous_stolidus,273.17205384639317
Ujelang,Micronesia,Anous_stolidus,370.21800304524345
Ulithi,Micronesia,Anous_stolidus,214.55814127775488
Vairaatea,Polynesia,Anous_stolidus,831.2685727546939
Vaitupu,Polynesia,Anous_stolidus,231.8406031643771
Vanavana,Polynesia,Anous_stolidus,403.24366181095917
Wailagilala,Melanesia,Anous_stolidus,711.1624051408102
Wotho,Micronesia,Anous_stolidus,329.4928639803486
Wotje,Micronesia,Anous_stolidus,210.53011537684395
Abemama,Micronesia,Anous_minutus,1403.566317223174
Ahe,Polynesia,Anous_minutus,192.638665334419
Ailinginae,Micronesia,Anous_minutus,749.3393995472661
Ailuk,Micronesia,Anous_minutus,1378.7845495071251
Anuanuraro,Polynesia,Anous_minutus,284.7843217560543
Anuanurunga,Polynesia,Anous_minutus,251.0434199204591
Apataki,Polynesia,Anous_minutus,261.23045289683927
Aranuka,Micronesia,Anous_minutus,1480.766085871358
Aratika,Polynesia,Anous_minutus,235.6429135669005
Arno,Micronesia,Anous_minutus,412.42221208905175
Arutua,Polynesia,Anous_minutus,257.2579220497357
Aur,Micronesia,Anous_minutus,660.8165583295994
Beautemps-Beaupre,Melanesia,Anous_minutus,1168.167193424851
Bikar,Micronesia,Anous_minutus,1336.4821280374397
Bikini,Micronesia,Anous_minutus,1246.250514497436
Bokaak,Micronesia,Anous_minutus,1906.6785895758123
Butaritari,Micronesia,Anous_minutus,1060.92964267887
Egum,Melanesia,Anous_minutus,310.3041884258967
Erikub,Micronesia,Anous_minutus,713.9074960943104
Etal,Micronesia,Anous_minutus,81.11170484404363
Fakahina,Polynesia,Anous_minutus,464.01515233424584
Fakaofo,Polynesia,Anous_minutus,156.86155069305164
Fangatau,Polynesia,Anous_minutus,417.67424836856804
Funafuti,Polynesia,Anous_minutus,208.5291222956715
Hao,Polynesia,Anous_minutus,277.84822475958276
Hereheretui,Polynesia,Anous_minutus,507.70174146858494
Jaluit,Micronesia,Anous_minutus,946.8408147619242
Jemo,Micronesia,Anous_minutus,856.9012848421398
Kapingamarangi,Micronesia,Anous_minutus,522.9161568457824
Kauehi,Polynesia,Anous_minutus,221.12327544619887
Kaukura,Polynesia,Anous_minutus,253.09433425694715
Kuria,Micronesia,Anous_minutus,1644.1624846592622
Kwajalein,Micronesia,Anous_minutus,1204.1477339853338
Lae,Micronesia,Anous_minutus,635.3477729035254
Losap,Micronesia,Anous_minutus,124.59800720828999
Lukunor,Micronesia,Anous_minutus,84.53988460064082
Maiana,Micronesia,Anous_minutus,1632.9159179410049
Majuro,Micronesia,Anous_minutus,410.5718118791962
Manihi,Polynesia,Anous_minutus,262.8404838262915
Manihiki,Polynesia,Anous_minutus,200.20492898986663
Marakei,Micronesia,Anous_minutus,1719.0146730877627
Maria_Est,Polynesia,Anous_minutus,158.85515503697235
Marutea_Sud,Polynesia,Anous_minutus,286.33563127129514
Mataiva,Polynesia,Anous_minutus,295.31262985391754
Matureivavao,Polynesia,Anous_minutus,127.58655715823254
Mili,Micronesia,Anous_minutus,521.7931120798925
Mokil,Micronesia,Anous_minutus,267.674357845629
Moruroa,Polynesia,Anous_minutus,305.2929291203893
Namoluk,Micronesia,Anous_minutus,189.3203795783338
Namu,Micronesia,Anous_minutus,822.2480250673734
Nengonengo,Polynesia,Anous_minutus,357.2556707242873
Niau,Polynesia,Anous_minutus,286.9295188671397
Ninigo,Melanesia,Anous_minutus,321.5030535644316
Niutao,Polynesia,Anous_minutus,459.86811618160056
Nonouti,Micronesia,Anous_minutus,1643.239493784428
Nuguria,Melanesia,Anous_minutus,343.1708744515617
Nukapu,Melanesia,Anous_minutus,105.88050325162004
Nukulaelae,Polynesia,Anous_minutus,309.5883699527869
Nukumanu,Melanesia,Anous_minutus,615.2661827275647
Nukuoro,Micronesia,Anous_minutus,261.26915194113155
Nukutepipi,Polynesia,Anous_minutus,277.6733628255232
Onotoa,Micronesia,Anous_minutus,2102.1688007754697
Ontong_Java,Melanesia,Anous_minutus,488.5798821004343
Oroluk,Micronesia,Anous_minutus,395.54311595389396
Pakin,Micronesia,Anous_minutus,40.955328120108895
Pinaki,Polynesia,Anous_minutus,388.97830728316404
Pingelap,Micronesia,Anous_minutus,224.0113123431227
Pukapuka,Polynesia,Anous_minutus,194.87668983498176
Pukarua,Polynesia,Anous_minutus,278.6994241649313
Rakahanga,Polynesia,Anous_minutus,198.84475848801517
Rangiroa,Polynesia,Anous_minutus,131.3687494512039
Raroia,Polynesia,Anous_minutus,239.80743693678062
Reao,Polynesia,Anous_minutus,252.60556178892176
Rongelap,Micronesia,Anous_minutus,872.755491783632
Rongerik,Micronesia,Anous_minutus,920.5533810057677
Sapwuahfik,Micronesia,Anous_minutus,148.90205748204602
Satawan,Micronesia,Anous_minutus,87.34650477548116
Tabiteuea,Micronesia,Anous_minutus,2197.591678238925
Taiaro,Polynesia,Anous_minutus,261.9096777346324
Takapoto,Polynesia,Anous_minutus,189.43414164327604
Takume,Polynesia,Anous_minutus,175.09862434757773
Tarawa,Micronesia,Anous_minutus,850.4833731199308
Tatakoto,Polynesia,Anous_minutus,553.1149901512899
Teraina,Polynesia,Anous_minutus,1179.0249164607792
Tetiaroa,Polynesia,Anous_minutus,88.89649754796858
Tikehau,Polynesia,Anous_minutus,141.2022260604113
Tongareva,Polynesia,Anous_minutus,713.9934560789715
Ujae,Micronesia,Anous_minutus,737.7441395668649
Ujelang,Micronesia,Anous_minutus,1020.0938060894016
Ulithi,Micronesia,Anous_minutus,349.23766943409424
Vairaatea,Polynesia,Anous_minutus,453.8948905287661
Vaitupu,Polynesia,Anous_minutus,203.93773152689948
Wailagilala,Melanesia,Anous_minutus,749.5365974898606
Wotho,Micronesia,Anous_minutus,968.4814285721989
Wotje,Micronesia,Anous_minutus,793.7757616448018
Cocos,Indian_Ocean,Anous_tenuirostris,749.3424191302207
Egmont,Indian_Ocean,Anous_tenuirostris,724.1552158076573
Apataki,Polynesia,Anous_ceruleus,23.663973459690926
Aratika,Polynesia,Anous_ceruleus,29.724979910476804
Bikar,Micronesia,Anous_ceruleus,207.49494888872601
Bokaak,Micronesia,Anous_ceruleus,185.67461022126955
Eniwetok,Micronesia,Anous_ceruleus,98.2367617315053
Hao,Polynesia,Anous_ceruleus,24.49804858203796
Maria_Est,Polynesia,Anous_ceruleus,41.89050153775474
Rangiroa,Polynesia,Anous_ceruleus,14.921668727888012
Raroia,Polynesia,Anous_ceruleus,22.513765169690167
Scilly,Polynesia,Anous_ceruleus,23.468199141240632
Tabuaeran,Polynesia,Anous_ceruleus,73.24394051100123
Teraina,Polynesia,Anous_ceruleus,87.4917694822287
Tikehau,Polynesia,Anous_ceruleus,18.581442509295577
Tongareva,Polynesia,Anous_ceruleus,44.49259388845277
Abemama,Micronesia,Gygis_alba,118.93515903681784
Addu,Indian_Ocean,Gygis_alba,281.03344578089377
Ailinginae,Micronesia,Gygis_alba,127.60639380062266
Ailuk,Micronesia,Gygis_alba,163.0965585776252
Anaa,Polynesia,Gygis_alba,320.44209083384595
Ant,Micronesia,Gygis_alba,23.085720036600712
Anuanuraro,Polynesia,Gygis_alba,391.96356365609796
Anuanurunga,Polynesia,Gygis_alba,391.6698793099565
Apataki,Polynesia,Gygis_alba,222.3150911267685
Aranuka,Micronesia,Gygis_alba,123.31511478528736
Aratika,Polynesia,Gygis_alba,243.6191302858413
Arno,Micronesia,Gygis_alba,66.96901008603173
Aur,Micronesia,Gygis_alba,96.41421501209804
Beautemps-Beaupre,Melanesia,Gygis_alba,41.20512156543517
Bikar,Micronesia,Gygis_alba,231.27171725472488
Bikini,Micronesia,Gygis_alba,158.565734199026
Bokaak,Micronesia,Gygis_alba,322.55532138214335
Butaritari,Micronesia,Gygis_alba,93.84393692167747
Erikub,Micronesia,Gygis_alba,105.18347797623346
Fakahina,Polynesia,Gygis_alba,576.0173963513428
Fakaofo,Polynesia,Gygis_alba,211.53506671331496
Funafuti,Polynesia,Gygis_alba,174.07514468631874
Hao,Polynesia,Gygis_alba,447.5210093804233
Hereheretui,Polynesia,Gygis_alba,425.16205288316354
Jaluit,Micronesia,Gygis_alba,80.72799004983419
Jemo,Micronesia,Gygis_alba,128.87926858254394
Kapingamarangi,Micronesia,Gygis_alba,90.95661805901747
Kauehi,Polynesia,Gygis_alba,250.4422572925957
Kaukura,Polynesia,Gygis_alba,216.64777012808295
Kuria,Micronesia,Gygis_alba,139.46302449018165
Kwajalein,Micronesia,Gygis_alba,117.08587297721107
Lae,Micronesia,Gygis_alba,104.32966472877808
Likiep,Micronesia,Gygis_alba,149.2095422975515
Lukunor,Micronesia,Gygis_alba,39.8809679644861
Maiana,Micronesia,Gygis_alba,106.72875624126797
Majuro,Micronesia,Gygis_alba,64.89763257243028
Manihi,Polynesia,Gygis_alba,247.74385717430724
Manihiki,Polynesia,Gygis_alba,292.53202293640084
Marakei,Micronesia,Gygis_alba,114.40216660486904
Maria_Est,Polynesia,Gygis_alba,405.9194993381278
Marutea_Sud,Polynesia,Gygis_alba,400.481534014588
Mataiva,Polynesia,Gygis_alba,250.6782230650273
Matureivavao,Polynesia,Gygis_alba,322.4034709871093
Mili,Micronesia,Gygis_alba,79.70165572823399
Mokil,Micronesia,Gygis_alba,65.19872158340348
Moruroa,Polynesia,Gygis_alba,453.50402412764527
Motu_One,Polynesia,Gygis_alba,266.63818062118986
Namoluk,Micronesia,Gygis_alba,53.81485308289032
Namu,Micronesia,Gygis_alba,95.93041777592698
Napuka,Polynesia,Gygis_alba,486.5076713395323
Nengonengo,Polynesia,Gygis_alba,465.659515419956
Ngcheangel,Micronesia,Gygis_alba,18.79465371013926
Niau,Polynesia,Gygis_alba,240.26168327675705
Ninigo,Melanesia,Gygis_alba,21.389121337398787
Niutao,Polynesia,Gygis_alba,257.6443702773438
Nonouti,Micronesia,Gygis_alba,139.17303337689322
Nuguria,Melanesia,Gygis_alba,17.691796637975845
Nukapu,Melanesia,Gygis_alba,16.798243064670167
Nukulaelae,Polynesia,Gygis_alba,191.8421864351887
Nukumanu,Melanesia,Gygis_alba,30.592211571085738
Nukutepipi,Polynesia,Gygis_alba,397.67410156314907
Numa_Miombilou,Melanesia,Gygis_alba,18.725584134883256
Onotoa,Micronesia,Gygis_alba,176.82606552958944
Ontong_Java,Melanesia,Gygis_alba,23.469721225764896
Oroluk,Micronesia,Gygis_alba,61.728148462050754
Pakin,Micronesia,Gygis_alba,25.967684045225592
Palmerston,Polynesia,Gygis_alba,342.86345961905204
Pinaki,Polynesia,Gygis_alba,528.3733379430049
Pingelap,Micronesia,Gygis_alba,59.83485140212941
Pukapuka,Polynesia,Gygis_alba,272.13401491804046
Puka-Puka,Polynesia,Gygis_alba,543.8060880064199
Pukarua,Polynesia,Gygis_alba,510.0683626666299
Rakahanga,Polynesia,Gygis_alba,282.5529576777962
Rangiroa,Polynesia,Gygis_alba,175.29347271324764
Raroia,Polynesia,Gygis_alba,341.9071031094572
Reao,Polynesia,Gygis_alba,530.5049172243623
Rongelap,Micronesia,Gygis_alba,137.55242733669576
Rongerik,Micronesia,Gygis_alba,146.82729205790002
Sapwuahfik,Micronesia,Gygis_alba,47.03038255440276
Satawan,Micronesia,Gygis_alba,39.6443640396385
St_Joseph,Indian_Ocean,Gygis_alba,246.6224264334761
Tabiteuea,Micronesia,Gygis_alba,175.23752848734168
Taiaro,Polynesia,Gygis_alba,313.4740010991184
Takapoto,Polynesia,Gygis_alba,226.7674872079708
Takume,Polynesia,Gygis_alba,299.98722350418285
Tarawa,Micronesia,Gygis_alba,69.49306381689104
Temitangi,Polynesia,Gygis_alba,533.6801796916116
Tetiaroa,Polynesia,Gygis_alba,163.9299438839353
Tikehau,Polynesia,Gygis_alba,178.59132119890873
Tongareva,Polynesia,Gygis_alba,423.2755748217599
Tupai,Polynesia,Gygis_alba,174.88244789803025
Tureia,Polynesia,Gygis_alba,460.938292647374
Ujae,Micronesia,Gygis_alba,98.43797741895172
Ujelang,Micronesia,Gygis_alba,143.14170599953357
Ulithi,Micronesia,Gygis_alba,42.281959560509385
Utirik,Micronesia,Gygis_alba,126.55471514199895
Vairaatea,Polynesia,Gygis_alba,478.8775830904514
Vaitupu,Polynesia,Gygis_alba,203.3439927026284
Vanavana,Polynesia,Gygis_alba,480.0290386186041
Wailagilala,Melanesia,Gygis_alba,41.378809269841156
Wotho,Micronesia,Gygis_alba,132.63475958229657
Wotje,Micronesia,Gygis_alba,109.02462602974235
Ailinginae,Micronesia,Onychoprion_fuscatus,15105.241289811216
Ailuk,Micronesia,Onychoprion_fuscatus,15113.376697777381
Apataki,Polynesia,Onychoprion_fuscatus,7161.033478401711
Aranuka,Micronesia,Onychoprion_fuscatus,10264.846649918254
Astove,Indian_Ocean,Onychoprion_fuscatus,26678.572108980803
Beautemps-Beaupre,Melanesia,Onychoprion_fuscatus,4393.429691353779
Bikini,Micronesia,Onychoprion_fuscatus,23237.786883935525
Birnie,Polynesia,Onychoprion_fuscatus,14985.303797771392
Butaritari,Micronesia,Onychoprion_fuscatus,3091.41037224416
Cocos,Indian_Ocean,Onychoprion_fuscatus,34334.681357517475
Diego_Garcia,Indian_Ocean,Onychoprion_fuscatus,2003.2687202075822
Ducie,Polynesia,Onychoprion_fuscatus,9146.844425639565
Funafuti,Polynesia,Onychoprion_fuscatus,527.2135945074044
Huon,Melanesia,Onychoprion_fuscatus,6568.374198827955
Jaluit,Micronesia,Onychoprion_fuscatus,9904.237415260868
Jemo,Micronesia,Onychoprion_fuscatus,5250.62862728274
Kuria,Micronesia,Onychoprion_fuscatus,8979.4160801005
Kwajalein,Micronesia,Onychoprion_fuscatus,22746.155213580714
Marutea_Sud,Polynesia,Onychoprion_fuscatus,9744.228282235672
Ngcheangel,Micronesia,Onychoprion_fuscatus,440.88994826067085
Nonouti,Micronesia,Onychoprion_fuscatus,10175.899619164707
Oeno,Polynesia,Onychoprion_fuscatus,7646.098708423523
Onotoa,Micronesia,Onychoprion_fuscatus,12486.52514493394
Ontong_Java,Melanesia,Onychoprion_fuscatus,48.69185182578461
Pukapuka,Polynesia,Onychoprion_fuscatus,543.0752829274792
Rangiroa,Polynesia,Onychoprion_fuscatus,2238.635368955179
Rongerik,Micronesia,Onychoprion_fuscatus,21600.518536908134
Sorol,Micronesia,Onychoprion_fuscatus,11060.61281170556
St_Joseph,Indian_Ocean,Onychoprion_fuscatus,4524.601575594382
Tabuaeran,Polynesia,Onychoprion_fuscatus,14959.133800302074
Takaroa,Polynesia,Onychoprion_fuscatus,3608.078131902453
Tetiaroa,Polynesia,Onychoprion_fuscatus,733.2250679195819
Tongareva,Polynesia,Onychoprion_fuscatus,5708.28272611096
Ujelang,Micronesia,Onychoprion_fuscatus,19311.665679966267
Vaitupu,Polynesia,Onychoprion_fuscatus,330.73310382840185
Bikar,Micronesia,Onychoprion_lunatus,98.46690550996286
Bokaak,Micronesia,Onychoprion_lunatus,94.15271803871471
Eniwetok,Micronesia,Onychoprion_lunatus,45.779663853365456
Kwajalein,Micronesia,Onychoprion_lunatus,20.80043886660644
Manihi,Polynesia,Onychoprion_lunatus,356.70504633279165
Nonouti,Micronesia,Onychoprion_lunatus,51.38619471400235
Rangiroa,Polynesia,Onychoprion_lunatus,184.670983935084
Starbuck,Polynesia,Onychoprion_lunatus,3418.0189845273253
Tabiteuea,Micronesia,Onychoprion_lunatus,55.813869542656285
Tetiaroa,Polynesia,Onychoprion_lunatus,269.47231561794285
Tikehau,Polynesia,Onychoprion_lunatus,248.74325077420053
Bikar,Micronesia,Onychoprion_anaethetus,209.16445754758738
Cosmoledo,Indian_Ocean,Onychoprion_anaethetus,72.21847515135762
St_Joseph,Indian_Ocean,Onychoprion_anaethetus,126.26909973090996
Astove,Indian_Ocean,Hydroprogne_caspia,40.26790685178456
Diego_Garcia,Indian_Ocean,Sterna_dougallii,61.98716790287352
Addu,Indian_Ocean,Sterna_sumatrana,68.64861223364133
Ailinginae,Micronesia,Sterna_sumatrana,95.63272769155937
Ailuk,Micronesia,Sterna_sumatrana,118.15689186381564
Ant,Micronesia,Sterna_sumatrana,185.3019249104243
Aranuka,Micronesia,Sterna_sumatrana,340.8068340966089
Arno,Micronesia,Sterna_sumatrana,226.4741347464112
Aur,Micronesia,Sterna_sumatrana,191.47017576268206
Bikar,Micronesia,Sterna_sumatrana,47.086057015730496
Bikini,Micronesia,Sterna_sumatrana,127.89320579243791
Bokaak,Micronesia,Sterna_sumatrana,44.750303444523425
Butaritari,Micronesia,Sterna_sumatrana,496.9251860150195
Conflict,Melanesia,Sterna_sumatrana,126.65826589721905
Erikub,Micronesia,Sterna_sumatrana,97.49529422943262
Funafuti,Polynesia,Sterna_sumatrana,116.39945718247728
Jaluit,Micronesia,Sterna_sumatrana,639.6174266107754
Kapingamarangi,Micronesia,Sterna_sumatrana,309.40197273893904
Kuria,Micronesia,Sterna_sumatrana,376.63664484538106
Kwajalein,Micronesia,Sterna_sumatrana,279.74468306837156
Lukunor,Micronesia,Sterna_sumatrana,93.0742898023675
Maiana,Micronesia,Sterna_sumatrana,650.1277469512524
Majuro,Micronesia,Sterna_sumatrana,246.5059776018669
Manihiki,Polynesia,Sterna_sumatrana,28.715882785331893
Namoluk,Micronesia,Sterna_sumatrana,222.1964049780901
Namu,Micronesia,Sterna_sumatrana,326.79316678321226
Ninigo,Melanesia,Sterna_sumatrana,191.89664644769653
Nonouti,Micronesia,Sterna_sumatrana,341.2126064990563
Nuguria,Melanesia,Sterna_sumatrana,146.41164161301185
Nukumanu,Melanesia,Sterna_sumatrana,182.55177922168514
Nukuoro,Micronesia,Sterna_sumatrana,264.3922377244903
Onotoa,Micronesia,Sterna_sumatrana,250.92189920569623
Ontong_Java,Melanesia,Sterna_sumatrana,251.68490449938548
Oroluk,Micronesia,Sterna_sumatrana,371.8669646204728
Pakin,Micronesia,Sterna_sumatrana,212.30910449578542
Qelelevu,Melanesia,Sterna_sumatrana,91.70985393380671
Rakahanga,Polynesia,Sterna_sumatrana,32.35777704457972
Rongelap,Micronesia,Sterna_sumatrana,103.60611704304382
Rongerik,Micronesia,Sterna_sumatrana,102.2061516139985
Sapwuahfik,Micronesia,Sterna_sumatrana,228.14122348066283
Satawan,Micronesia,Sterna_sumatrana,92.83792664089053
Taka,Micronesia,Sterna_sumatrana,45.043504867816345
Takuu,Melanesia,Sterna_sumatrana,227.55164598696265
Tarawa,Micronesia,Sterna_sumatrana,590.3106108202145
Tongareva,Polynesia,Sterna_sumatrana,120.27909361540306
Ujae,Micronesia,Sterna_sumatrana,190.48299680147852
Ujelang,Micronesia,Sterna_sumatrana,160.5803613287674
Ulithi,Micronesia,Sterna_sumatrana,460.6952284205376
Vaitupu,Polynesia,Sterna_sumatrana,105.44733955969332
Wotho,Micronesia,Sterna_sumatrana,188.03737172497188
Abemama,Micronesia,Thalasseus_bergii,1414.2875806362636
Ailinginae,Micronesia,Thalasseus_bergii,347.7836510449352
Ailuk,Micronesia,Thalasseus_bergii,550.0004144522335
Ant,Micronesia,Thalasseus_bergii,644.1610030273029
Apataki,Polynesia,Thalasseus_bergii,57.70730443289089
Aranuka,Micronesia,Thalasseus_bergii,1350.399044623998
Arno,Micronesia,Thalasseus_bergii,967.9876567695122
Astove,Indian_Ocean,Thalasseus_bergii,148.71916289329496
Aur,Micronesia,Thalasseus_bergii,816.1363432012789
Bikar,Micronesia,Thalasseus_bergii,193.40611581185527
Bikini,Micronesia,Thalasseus_bergii,519.8131438316165
Bokaak,Micronesia,Thalasseus_bergii,169.60411792693148
Butaritari,Micronesia,Thalasseus_bergii,2172.7460944047466
Erikub,Micronesia,Thalasseus_bergii,437.53504689220375
Jaluit,Micronesia,Thalasseus_bergii,3017.3624059374465
Kuria,Micronesia,Thalasseus_bergii,1331.7122210276968
Kwajalein,Micronesia,Thalasseus_bergii,1326.433035769838
Lae,Micronesia,Thalasseus_bergii,721.4788202388827
Lukunor,Micronesia,Thalasseus_bergii,341.05520985058075
Maiana,Micronesia,Thalasseus_bergii,2408.2464794374464
Majuro,Micronesia,Thalasseus_bergii,1061.993246909253
Manihi,Polynesia,Thalasseus_bergii,36.958593277602304
Marakei,Micronesia,Thalasseus_bergii,2074.330791823403
Mataiva,Polynesia,Thalasseus_bergii,65.59908670063902
Mili,Micronesia,Thalasseus_bergii,1222.4231336387759
Moruroa,Polynesia,Thalasseus_bergii,8.549820994863104
Namoluk,Micronesia,Thalasseus_bergii,978.9668847991061
Ngcheangel,Micronesia,Thalasseus_bergii,1970.9731643858906
Ninigo,Melanesia,Thalasseus_bergii,433.0326991624948
Nonouti,Micronesia,Thalasseus_bergii,1278.1734398416693
Nuguria,Melanesia,Thalasseus_bergii,393.7343749451887
Nukumanu,Melanesia,Thalasseus_bergii,392.840655686335
Nukuoro,Micronesia,Thalasseus_bergii,1176.5130435225578
Onotoa,Micronesia,Thalasseus_bergii,970.7948758790077
Ontong_Java,Melanesia,Thalasseus_bergii,517.0158068665879
Pakin,Micronesia,Thalasseus_bergii,831.379279977666
Palmyra,Polynesia,Thalasseus_bergii,233.59286262833606
Rangiroa,Polynesia,Thalasseus_bergii,28.506630138349855
Rongelap,Micronesia,Thalasseus_bergii,391.6748892721527
Rongerik,Micronesia,Thalasseus_bergii,412.2416440859038
Sapwuahfik,Micronesia,Thalasseus_bergii,907.2451452397978
Satawan,Micronesia,Thalasseus_bergii,366.09249981680347
St_Joseph,Indian_Ocean,Thalasseus_bergii,123.89073135298793
Tabiteuea,Micronesia,Thalasseus_bergii,944.8343029627413
Taka,Micronesia,Thalasseus_bergii,181.36811332961778
Takuu,Melanesia,Thalasseus_bergii,545.4829016572799
Tarawa,Micronesia,Thalasseus_bergii,2021.579210155308
Tetiaroa,Polynesia,Thalasseus_bergii,46.39919896622363
Tikehau,Polynesia,Thalasseus_bergii,35.36829591576388
Ujae,Micronesia,Thalasseus_bergii,900.7895652144532
Ujelang,Micronesia,Thalasseus_bergii,725.8039858015165
Ulithi,Micronesia,Thalasseus_bergii,2595.343070533719
Utirik,Micronesia,Thalasseus_bergii,143.11030825377458
Wotho,Micronesia,Thalasseus_bergii,811.4722289144454
Addu,Indian_Ocean,Phaethon_lepturus,52.67294439763557
Bikar,Micronesia,Phaethon_lepturus,29.010516637493573
Bokaak,Micronesia,Phaethon_lepturus,27.81626729165768
Erikub,Micronesia,Phaethon_lepturus,22.771310878846396
Jaluit,Micronesia,Phaethon_lepturus,12.231261295977967
Jemo,Micronesia,Phaethon_lepturus,28.189477063995625
Kilinailau,Melanesia,Phaethon_lepturus,54.143699461746984
Lukunor,Micronesia,Phaethon_lepturus,4.280179690487897
Manihiki,Polynesia,Phaethon_lepturus,2.5722214345672967
Namoluk,Micronesia,Phaethon_lepturus,6.88310903763874
Niutao,Polynesia,Phaethon_lepturus,4.640397544550648
Nuguria,Melanesia,Phaethon_lepturus,48.46895610508649
Nukapu,Melanesia,Phaethon_lepturus,48.92125391318326
Nukulaelae,Polynesia,Phaethon_lepturus,3.1450158701621493
Nukumanu,Melanesia,Phaethon_lepturus,67.03010242245259
Nukuoro,Micronesia,Phaethon_lepturus,3.96585704609836
Ontong_Java,Melanesia,Phaethon_lepturus,54.601786375872976
Pukapuka,Polynesia,Phaethon_lepturus,2.4342790745138725
Rakahanga,Polynesia,Phaethon_lepturus,3.069717179068505
Rose,Polynesia,Phaethon_lepturus,3.391051603195432
Sapwuahfik,Micronesia,Phaethon_lepturus,4.775783914033379
Satawan,Micronesia,Phaethon_lepturus,3.9349998891333833
St_Joseph,Indian_Ocean,Phaethon_lepturus,266.7921952821974
Takuu,Melanesia,Phaethon_lepturus,59.95561412167758
Tongareva,Polynesia,Phaethon_lepturus,6.221923561777552
Ulithi,Micronesia,Phaethon_lepturus,11.318372931414858
Utirik,Micronesia,Phaethon_lepturus,15.638612534605285
Vaitupu,Polynesia,Phaethon_lepturus,2.71641076614337
Abariringa,Polynesia,Phaethon_rubricauda,296.2526501785476
Anuanuraro,Polynesia,Phaethon_rubricauda,135.53203349560434
Anuanurunga,Polynesia,Phaethon_rubricauda,129.1901999901459
Bikar,Micronesia,Phaethon_rubricauda,120.35121773063723
Bokaak,Micronesia,Phaethon_rubricauda,162.04946166814074
Chesterfield,Melanesia,Phaethon_rubricauda,125.26932574735893
Erikub,Micronesia,Phaethon_rubricauda,49.9638955969618
Manihiki,Polynesia,Phaethon_rubricauda,48.74314149581875
Maria_Est,Polynesia,Phaethon_rubricauda,93.1550426731601
Mataiva,Polynesia,Phaethon_rubricauda,61.98284119250541
Matureivavao,Polynesia,Phaethon_rubricauda,75.59549346362306
Moruroa,Polynesia,Phaethon_rubricauda,156.08488618425258
Nukutepipi,Polynesia,Phaethon_rubricauda,137.69616964035365
Onotoa,Micronesia,Phaethon_rubricauda,69.23675698625532
Palmerston,Polynesia,Phaethon_rubricauda,136.55556644786122
Raroia,Polynesia,Phaethon_rubricauda,68.60054657904122
Taka,Micronesia,Phaethon_rubricauda,50.86344024103099
Temitangi,Polynesia,Phaethon_rubricauda,228.62501685354724
Tongareva,Polynesia,Phaethon_rubricauda,100.74617757087154
Kure,Polynesia,Phoebastria_albatrus,26.165702850542463
Tabiteuea,Micronesia,Nesofregetta_fuliginosa,177.43537388156494
Maria_Est,Polynesia,Pterodroma_neglecta,5.164098075746888
Nengonengo,Polynesia,Pterodroma_neglecta,10.834224449638196
Maria_Est,Polynesia,Pterodroma_ultima,122.14364643325887
Matureivavao,Polynesia,Pterodroma_ultima,86.01669962203769
Morane,Polynesia,Pterodroma_ultima,196.0516972169637
Moruroa,Polynesia,Pterodroma_ultima,131.1535060793795
Bokaak,Micronesia,Bulweria_bulwerii,241.89495915830224
Kure,Polynesia,Bulweria_bulwerii,146.5501365332074
Ailuk,Micronesia,Ardenna_pacifica,147.5674839113422
Bikar,Micronesia,Ardenna_pacifica,228.65021384187972
Bikini,Micronesia,Ardenna_pacifica,133.46512649628343
Bokaak,Micronesia,Ardenna_pacifica,265.74301514392744
Jaluit,Micronesia,Ardenna_pacifica,26.486564267379876
Rongelap,Micronesia,Ardenna_pacifica,133.069983066659
Rongerik,Micronesia,Ardenna_pacifica,129.41559373914754
Taka,Micronesia,Ardenna_pacifica,198.20391630354754
Ailuk,Micronesia,Puffinus_nativitatis,142.04831671747436
Bokaak,Micronesia,Puffinus_nativitatis,268.54323896496925
Moruroa,Polynesia,Puffinus_nativitatis,79.66598705660577
Anuanurunga,Polynesia,Fregata_ariel,588.3935526799671
Butaritari,Micronesia,Fregata_ariel,64.11656474911867
Diego_Garcia,Indian_Ocean,Fregata_ariel,117.55281520274194
Erikub,Micronesia,Fregata_ariel,150.79175700836026
Jaluit,Micronesia,Fregata_ariel,40.78548037991365
Kaukura,Polynesia,Fregata_ariel,171.18664495827656
Maiana,Micronesia,Fregata_ariel,232.02989524288915
Maria_Est,Polynesia,Fregata_ariel,384.77491759589043
Mataiva,Polynesia,Fregata_ariel,271.4859822776513
Mili,Micronesia,Fregata_ariel,25.40937539364428
Nengonengo,Polynesia,Fregata_ariel,330.01782177747634
Nonouti,Micronesia,Fregata_ariel,145.47896575697945
Nuguria,Melanesia,Fregata_ariel,33.50403827665824
Nukapu,Melanesia,Fregata_ariel,51.49807368414874
Nukumanu,Melanesia,Fregata_ariel,58.414334228971946
Nukunonu,Polynesia,Fregata_ariel,99.53590149345845
Onotoa,Micronesia,Fregata_ariel,294.79297841464165
Pukapuka,Polynesia,Fregata_ariel,159.02309762228631
Scilly,Polynesia,Fregata_ariel,227.29807393501022
St_Joseph,Indian_Ocean,Fregata_ariel,499.3739688270333
Starbuck,Polynesia,Fregata_ariel,3061.571768658379
Tabiteuea,Micronesia,Fregata_ariel,145.7284432063676
Tarawa,Micronesia,Fregata_ariel,87.61257243578245
Tetiaroa,Polynesia,Fregata_ariel,111.17022664680873
Tongareva,Polynesia,Fregata_ariel,294.92225808432136
Ulithi,Micronesia,Fregata_ariel,29.66181735658929
Wailagilala,Melanesia,Fregata_ariel,318.67326509738956
Abariringa,Polynesia,Fregata_minor,667.8657849142403
Ailinginae,Micronesia,Fregata_minor,96.47378838746764
Ailuk,Micronesia,Fregata_minor,86.49733362862915
Bikar,Micronesia,Fregata_minor,143.52293579360577
Bikini,Micronesia,Fregata_minor,115.34092308939435
Butaritari,Micronesia,Fregata_minor,48.36545678514603
Diego_Garcia,Indian_Ocean,Fregata_minor,278.1421966685719
Erikub,Micronesia,Fregata_minor,66.65821948217099
Jaluit,Micronesia,Fregata_minor,49.55166512688292
Jemo,Micronesia,Fregata_minor,102.65465427906264
Kapingamarangi,Micronesia,Fregata_minor,30.86814609614177
Kuria,Micronesia,Fregata_minor,162.9662127487668
Kwajalein,Micronesia,Fregata_minor,71.51067799247882
Likiep,Micronesia,Fregata_minor,69.95903219124943
Lukunor,Micronesia,Fregata_minor,6.737443480592535
Maiana,Micronesia,Fregata_minor,144.1040384592434
Maria_Est,Polynesia,Fregata_minor,116.52514701199509
Mataiva,Polynesia,Fregata_minor,137.44329335445335
Matureivavao,Polynesia,Fregata_minor,87.10095273871706
Mili,Micronesia,Fregata_minor,24.04197085953153
Moruroa,Polynesia,Fregata_minor,154.65421418405094
Motu_One,Polynesia,Fregata_minor,150.92659972305006
Namoluk,Micronesia,Fregata_minor,15.538229381914448
Namu,Micronesia,Fregata_minor,51.87198018742556
Nuguria,Melanesia,Fregata_minor,22.783025486806263
Nukapu,Melanesia,Fregata_minor,15.841002251036741
Nukumanu,Melanesia,Fregata_minor,45.76242183317641
Nukutepipi,Polynesia,Fregata_minor,157.38568933081345
Onotoa,Micronesia,Fregata_minor,150.67381779467132
Oroluk,Micronesia,Fregata_minor,36.36770524662817
Palmyra,Polynesia,Fregata_minor,121.50846829354191
Rangiroa,Polynesia,Fregata_minor,51.792258640219735
Rongelap,Micronesia,Fregata_minor,85.93702296908245
Rongerik,Micronesia,Fregata_minor,116.37013570907195
Saloman,Indian_Ocean,Fregata_minor,155.55633569102423
Satawan,Micronesia,Fregata_minor,6.156039667762144
Scilly,Polynesia,Fregata_minor,112.12524872644288
St_Joseph,Indian_Ocean,Fregata_minor,585.4073610047973
Tabuaeran,Polynesia,Fregata_minor,294.2897615280491
Taka,Micronesia,Fregata_minor,61.55961905412483
Takuu,Melanesia,Fregata_minor,44.467894103180164
Tetiaroa,Polynesia,Fregata_minor,49.15924435270037
Ujae,Micronesia,Fregata_minor,59.09359003782519
Ujelang,Micronesia,Fregata_minor,105.82265568567716
Wotho,Micronesia,Fregata_minor,75.07323314461412
Wotje,Micronesia,Fregata_minor,45.0380597784998
Abariringa,Polynesia,Sula_dactylatra,244.51487507655523
Bikar,Micronesia,Sula_dactylatra,49.01916957383033
Bokaak,Micronesia,Sula_dactylatra,41.27709284927605
Maria_Est,Polynesia,Sula_dactylatra,76.05674272787067
Matureivavao,Polynesia,Sula_dactylatra,53.38989636088098
Nengonengo,Polynesia,Sula_dactylatra,60.956852686901236
Nukulaelae,Polynesia,Sula_dactylatra,22.536222411878175
Palmyra,Polynesia,Sula_dactylatra,44.310945599965855
Pukarua,Polynesia,Sula_dactylatra,46.909422157015506
Teraina,Polynesia,Sula_dactylatra,124.99254228164591
Tetiaroa,Polynesia,Sula_dactylatra,26.882885015460015
Ailinginae,Micronesia,Sula_leucogaster,173.86062271781844
Anuanuraro,Polynesia,Sula_leucogaster,22.259369475737056
Aratika,Polynesia,Sula_leucogaster,51.76577360646936
Bikar,Micronesia,Sula_leucogaster,84.29293035064416
Bikini,Micronesia,Sula_leucogaster,221.50918162372392
Bokaak,Micronesia,Sula_leucogaster,71.13347802402411
Butaritari,Micronesia,Sula_leucogaster,539.6952281850561
Erikub,Micronesia,Sula_leucogaster,187.76624496374035
Jaluit,Micronesia,Sula_leucogaster,889.1867273503811
Jemo,Micronesia,Sula_leucogaster,224.3483965247267
Kapingamarangi,Micronesia,Sula_leucogaster,290.47268849207535
Kauehi,Polynesia,Sula_leucogaster,39.366152089790646
Kaukura,Polynesia,Sula_leucogaster,79.83851212922661
Kwajalein,Micronesia,Sula_leucogaster,469.20397177767853
Likiep,Micronesia,Sula_leucogaster,185.6876946548733
Majuro,Micronesia,Sula_leucogaster,232.32307371637654
Manihiki,Polynesia,Sula_leucogaster,21.279040656884582
Mataiva,Polynesia,Sula_leucogaster,99.5699080077691
Mili,Micronesia,Sula_leucogaster,278.55770242752
Moruroa,Polynesia,Sula_leucogaster,15.113538278812607
Motu_One,Polynesia,Sula_leucogaster,95.15236124472221
Namoluk,Micronesia,Sula_leucogaster,286.65858989212927
Ninigo,Melanesia,Sula_leucogaster,92.43465322592061
Nonouti,Micronesia,Sula_leucogaster,427.87211048724214
Nuguria,Melanesia,Sula_leucogaster,87.6675442719384
Nukumanu,Melanesia,Sula_leucogaster,96.91678471130449
Oroluk,Micronesia,Sula_leucogaster,752.8528299402807
Palmyra,Polynesia,Sula_leucogaster,258.3145421351883
Puka-Puka,Polynesia,Sula_leucogaster,27.6011369176684
Rangiroa,Polynesia,Sula_leucogaster,32.379931778197474
Raraka,Polynesia,Sula_leucogaster,34.0730830792226
Satawan,Micronesia,Sula_leucogaster,84.29228232617378
St_Joseph,Indian_Ocean,Sula_leucogaster,89.55775657490163
Starbuck,Polynesia,Sula_leucogaster,241.60030288098287
Tabiteuea,Micronesia,Sula_leucogaster,315.8279369800327
Tabuaeran,Polynesia,Sula_leucogaster,184.9983307100466
Tenararo,Polynesia,Sula_leucogaster,9.016522209225432
Teraina,Polynesia,Sula_leucogaster,245.86213952977204
Tetiaroa,Polynesia,Sula_leucogaster,59.968516795451706
Tikehau,Polynesia,Sula_leucogaster,50.26270879883502
Tongareva,Polynesia,Sula_leucogaster,122.7735826166494
Ujae,Micronesia,Sula_leucogaster,337.9303415367551
Wailagilala,Melanesia,Sula_leucogaster,144.74188045505994
Wotho,Micronesia,Sula_leucogaster,302.9955083678961
Ahe,Polynesia,Sula_sula,207.97899654158687
Ailinginae,Micronesia,Sula_sula,483.3589208567005
Anuanurunga,Polynesia,Sula_sula,213.43051361643046
Aratika,Polynesia,Sula_sula,248.79373865910776
Beautemps-Beaupre,Melanesia,Sula_sula,591.9871111878582
Bikar,Micronesia,Sula_sula,707.4781361636324
Bikini,Micronesia,Sula_sula,835.4125801015978
Butaritari,Micronesia,Sula_sula,645.0541723366294
Erikub,Micronesia,Sula_sula,414.78946866655986
Hao,Polynesia,Sula_sula,383.5618543587626
Jaluit,Micronesia,Sula_sula,1000.3202038359161
Jemo,Micronesia,Sula_sula,350.2486171498635
Kapingamarangi,Micronesia,Sula_sula,343.60424506323903
Kauehi,Polynesia,Sula_sula,252.04480395688645
Kaukura,Polynesia,Sula_sula,318.60339658286864
Kwajalein,Micronesia,Sula_sula,1351.4689936124855
Likiep,Micronesia,Sula_sula,871.1488049356017
Lukunor,Micronesia,Sula_sula,71.84467428657305
Majuro,Micronesia,Sula_sula,299.77191721636154
Manihiki,Polynesia,Sula_sula,226.57587577865075
Maria_Est,Polynesia,Sula_sula,167.40722067819019
Marutea_Sud,Polynesia,Sula_sula,438.87306936036396
Mataiva,Polynesia,Sula_sula,333.6522178254864
Matureivavao,Polynesia,Sula_sula,148.3060052224521
Mili,Micronesia,Sula_sula,419.4129849035427
Moruroa,Polynesia,Sula_sula,386.0227212414096
Motu_One,Polynesia,Sula_sula,318.3270936671022
Namu,Micronesia,Sula_sula,812.1025763796001
Nengonengo,Polynesia,Sula_sula,375.7226495660305
Nuguria,Melanesia,Sula_sula,147.33721258780122
Nukumanu,Melanesia,Sula_sula,238.90165988679183
Nukuoro,Micronesia,Sula_sula,228.53783773780484
Nukutepipi,Polynesia,Sula_sula,227.46553662144314
Onotoa,Micronesia,Sula_sula,864.4747199506953
Ontong_Java,Melanesia,Sula_sula,256.14278709128706
Oroluk,Micronesia,Sula_sula,334.1460350367308
Pukapuka,Polynesia,Sula_sula,225.3884641165444
Puka-Puka,Polynesia,Sula_sula,488.6593847016888
Pukarua,Polynesia,Sula_sula,298.04876080787415
Rangiroa,Polynesia,Sula_sula,192.06964167817657
Raroia,Polynesia,Sula_sula,285.5880645737322
Reao,Polynesia,Sula_sula,292.20858111272906
Rongelap,Micronesia,Sula_sula,689.182051781636
Satawan,Micronesia,Sula_sula,86.09688112037935
Starbuck,Polynesia,Sula_sula,908.2330898348413
Tabiteuea,Micronesia,Sula_sula,1070.2056861436347
Taiaro,Polynesia,Sula_sula,246.22217040353416
Takapoto,Polynesia,Sula_sula,215.7347760038332
Takume,Polynesia,Sula_sula,185.91934698896776
Takuu,Melanesia,Sula_sula,241.19037766831747
Tetiaroa,Polynesia,Sula_sula,119.54642705490429
Tikehau,Polynesia,Sula_sula,196.56424489337462
Tongareva,Polynesia,Sula_sula,759.2095005016342
Tupai,Polynesia,Sula_sula,141.43468077476237
Ujae,Micronesia,Sula_sula,638.0882498114079
Vanavana,Polynesia,Sula_sula,267.33647086077275
Wailagilala,Melanesia,Sula_sula,369.0119645944661
Ailinglaplap,Micronesia,Anous_stolidus,181.17692392681812
Amanu,Polynesia,Anous_stolidus,401.16235057578484
Beru,Micronesia,Anous_stolidus,312.04182109989165
Chetlat,Indian_Ocean,Anous_stolidus,1662.8922794265736
Eauripik,Micronesia,Anous_stolidus,361.1164906644943
Ebon,Micronesia,Anous_stolidus,150.6331634122898
Elato,Micronesia,Anous_stolidus,64.55240678576648
Faadhippolhu,Indian_Ocean,Anous_stolidus,744.2909673267409
Faraulep,Micronesia,Anous_stolidus,307.9394980721395
Felidhu,Indian_Ocean,Anous_stolidus,628.6690623829985
Hikueru,Polynesia,Anous_stolidus,404.3512972362451
Ifalik,Micronesia,Anous_stolidus,265.02196222612326
Ihavandhippolu,Indian_Ocean,Anous_stolidus,703.472038213943
Kalpeni,Indian_Ocean,Anous_stolidus,1670.9600618974162
Kiltan,Indian_Ocean,Anous_stolidus,1146.9753980953274
Lamotrek,Micronesia,Anous_stolidus,115.14113625491716
Lib,Micronesia,Anous_stolidus,246.7386132119404
Makemo,Polynesia,Anous_stolidus,349.86392482466283
Makunudhoo,Indian_Ocean,Anous_stolidus,428.6509564953561
Maloelap,Micronesia,Anous_stolidus,264.69304364247773
Manuae,Polynesia,Anous_stolidus,1698.1299697095135
Marokau,Polynesia,Anous_stolidus,226.53575410953005
Marutea_Nord,Polynesia,Anous_stolidus,292.3955752289206
Miladhunmadulu,Indian_Ocean,Anous_stolidus,857.4709457070024
Minicoy,Indian_Ocean,Anous_stolidus,644.9643589722654
Motutunga,Polynesia,Anous_stolidus,235.81672030510626
Murilo,Micronesia,Anous_stolidus,146.09773729470578
Namonuito,Micronesia,Anous_stolidus,501.60317090545374
Namorik,Micronesia,Anous_stolidus,192.1978335368807
Ngulu,Micronesia,Anous_stolidus,719.0749930647113
Nihiru,Polynesia,Anous_stolidus,302.50908800421865
Nikunau,Micronesia,Anous_stolidus,214.84471262404267
Nomwin,Micronesia,Anous_stolidus,96.04132543396629
Olimarao,Micronesia,Anous_stolidus,157.69648193064654
Pulap,Micronesia,Anous_stolidus,126.41029146134903
Pulusuk,Micronesia,Anous_stolidus,149.1253165080976
Puluwat,Micronesia,Anous_stolidus,86.1288182291082
Ravahere,Polynesia,Anous_stolidus,168.3807104301547
Rekareka,Polynesia,Anous_stolidus,361.27129729280307
Taenga,Polynesia,Anous_stolidus,330.41085894342905
Tauere,Polynesia,Anous_stolidus,480.1801584730943
Tenaruga,Polynesia,Anous_stolidus,120.89207309325255
Thiladhunmathi,Indian_Ocean,Anous_stolidus,1134.4633922053874
Vahitahi,Polynesia,Anous_stolidus,777.2165568080926
West_Fayu,Micronesia,Anous_stolidus,266.41335639349825
Woleai,Micronesia,Anous_stolidus,364.7136521565579
Abaiang,Micronesia,Anous_minutus,1070.1807753041371
Ailinglaplap,Micronesia,Anous_minutus,535.7503859997526
Amanu,Polynesia,Anous_minutus,271.95659258846666
Beru,Micronesia,Anous_minutus,2623.5580432457587
Eauripik,Micronesia,Anous_minutus,741.8424892431138
Ebon,Micronesia,Anous_minutus,636.7147932143291
Faraulep,Micronesia,Anous_minutus,729.1103356438922
Hikueru,Polynesia,Anous_minutus,328.1800090040148
Ifalik,Micronesia,Anous_minutus,579.1284964104988
Lamotrek,Micronesia,Anous_minutus,322.51647875560093
Lib,Micronesia,Anous_minutus,819.2675836453652
Maloelap,Micronesia,Anous_minutus,789.7291926136475
Manuae,Polynesia,Anous_minutus,567.7103373753465
Marutea_Nord,Polynesia,Anous_minutus,284.7405560273218
Murilo,Micronesia,Anous_minutus,277.5503429900693
Namonuito,Micronesia,Anous_minutus,788.9746519046511
Namorik,Micronesia,Anous_minutus,627.0755197131261
Ngulu,Micronesia,Anous_minutus,872.3746468675645
Nikunau,Micronesia,Anous_minutus,2235.186925671918
Olimarao,Micronesia,Anous_minutus,444.26723564828865
Pulap,Micronesia,Anous_minutus,323.0430003075872
Pulusuk,Micronesia,Anous_minutus,372.15820347668364
Rekareka,Polynesia,Anous_minutus,347.83689266913865
Tauere,Polynesia,Anous_minutus,392.62573616859214
Vahitahi,Polynesia,Anous_minutus,400.7453342637413
West_Fayu,Micronesia,Anous_minutus,666.0984890165306
Woleai,Micronesia,Anous_minutus,639.587795664381
Abaiang,Micronesia,Gygis_alba,83.76833896618733
Ailinglaplap,Micronesia,Gygis_alba,84.97942718999205
Amanu,Polynesia,Gygis_alba,423.2060270853909
Beru,Micronesia,Gygis_alba,200.01358837698308
Eauripik,Micronesia,Gygis_alba,72.41564148996486
Ebon,Micronesia,Gygis_alba,90.61417985019594
Faraulep,Micronesia,Gygis_alba,91.17778395088169
Hikueru,Polynesia,Gygis_alba,358.13610270168465
Hiti,Polynesia,Gygis_alba,228.90657498922863
Ifalik,Micronesia,Gygis_alba,66.89451655874844
Katiu,Polynesia,Gygis_alba,245.23148245911355
Lib,Micronesia,Gygis_alba,99.30764864749011
Makemo,Polynesia,Gygis_alba,292.2899183716754
Maloelap,Micronesia,Gygis_alba,99.34802258190143
Marokau,Polynesia,Gygis_alba,299.08983210234715
Marutea_Nord,Polynesia,Gygis_alba,295.9295395936825
Motutunga,Polynesia,Gygis_alba,240.30123170386133
Namonuito,Micronesia,Gygis_alba,67.72289246789657
Namorik,Micronesia,Gygis_alba,81.57076342810335
Nanumanga,Polynesia,Gygis_alba,242.79897252386994
Nanumea,Polynesia,Gygis_alba,249.9600490219677
Nihiru,Polynesia,Gygis_alba,315.2253732291671
Nikunau,Micronesia,Gygis_alba,211.43735864449636
Nui,Polynesia,Gygis_alba,240.19109225237312
Nukufetau,Polynesia,Gygis_alba,197.0055212152301
Ravahere,Polynesia,Gygis_alba,311.4645813165416
Rekareka,Polynesia,Gygis_alba,434.33257392633817
Taenga,Polynesia,Gygis_alba,305.1443859880041
Tauere,Polynesia,Gygis_alba,456.27661352943363
Tepoto,Polynesia,Gygis_alba,231.30725003099104
Tuanake,Polynesia,Gygis_alba,225.62775549617055
Vahitahi,Polynesia,Gygis_alba,517.8639974850267
West_Fayu,Micronesia,Gygis_alba,75.326126769963
Woleai,Micronesia,Gygis_alba,69.61799902618186
Manuae,Polynesia,Onychoprion_fuscatus,26592.41209245575
Beru,Micronesia,Sterna_sumatrana,270.161692620865
Chetlat,Indian_Ocean,Sterna_sumatrana,277.44153407284665
Eauripik,Micronesia,Sterna_sumatrana,394.78916195508134
Kalpeni,Indian_Ocean,Sterna_sumatrana,259.9774954554887
Kiltan,Indian_Ocean,Sterna_sumatrana,215.53920747941908
Lib,Micronesia,Sterna_sumatrana,287.0993161022417
Ngulu,Micronesia,Sterna_sumatrana,1011.7094148024894
West_Fayu,Micronesia,Sterna_sumatrana,360.6139927187712
Beru,Micronesia,Thalasseus_bergii,1117.4699629433196
Eauripik,Micronesia,Thalasseus_bergii,2806.6971340164637
Faraulep,Micronesia,Thalasseus_bergii,1772.322869807036
Lib,Micronesia,Thalasseus_bergii,1520.7781534561539
Namonuito,Micronesia,Thalasseus_bergii,3371.4545877041514
Ngulu,Micronesia,Thalasseus_bergii,8012.614591258744
Nikunau,Micronesia,Thalasseus_bergii,744.0467731204818
Olimarao,Micronesia,Thalasseus_bergii,1607.4948627744175
West_Fayu,Micronesia,Thalasseus_bergii,2287.7779242016827
Chetlat,Indian_Ocean,Phaethon_lepturus,132.07739151322218
Kiltan,Indian_Ocean,Phaethon_lepturus,118.03713321353965
Eauripik,Micronesia,Fregata_minor,39.26774844657201
Amanu,Polynesia,Sula_dactylatra,33.47542919595958
Ravahere,Polynesia,Sula_dactylatra,61.074441719525026
Rekareka,Polynesia,Sula_dactylatra,135.69792266531
Tenaruga,Polynesia,Sula_dactylatra,44.17165641199068
Vahitahi,Polynesia,Sula_dactylatra,69.43651109378675
Beru,Micronesia,Sula_sula,948.4084062965328
Manuae,Polynesia,Sula_sula,829.5117691965713
Rekareka,Polynesia,Sula_sula,276.83577643388355
Tauere,Polynesia,Sula_sula,335.0560937997105
Vahitahi,Polynesia,Sula_sula,452.6405179896201
