atoll,species,presence
Abaiang,Anous_ceruleus,0.0
Ailinglaplap,Anous_ceruleus,0.0
Alphonse,Anous_ceruleus,0.0
Amanu,Anous_ceruleus,1.0
Analtin,Anous_ceruleus,0.0
Ari,Anous_ceruleus,0.0
Awin,Anous_ceruleus,0.0
Baa,Anous_ceruleus,0.0
Beru,Anous_ceruleus,1.0
Bramble_Haven,Anous_ceruleus,0.0
Budibudi,Anous_ceruleus,0.0
Chetlat,Anous_ceruleus,0.0
Dhaalu,Anous_ceruleus,0.0
Eauripik,Anous_ceruleus,0.0
Ebon,Anous_ceruleus,0.0
Elato,Anous_ceruleus,0.0
Faadhippolhu,Anous_ceruleus,0.0
Faafu,Anous_ceruleus,0.0
Faraulep,Anous_ceruleus,0.0
Felidhu,Anous_ceruleus,0.0
Gaafaru,Anous_ceruleus,0.0
Haddhunmathi,Anous_ceruleus,0.0
Hikueru,Anous_ceruleus,1.0
Hiti,Anous_ceruleus,1.0
Huvadhu,Anous_ceruleus,1.0
Ifalik,Anous_ceruleus,0.0
Ihavandhippolu,Anous_ceruleus,0.0
Kalpeni,Anous_ceruleus,0.0
Katiu,Anous_ceruleus,1.0
Kiltan,Anous_ceruleus,0.0
Kolhumadulu,Anous_ceruleus,0.0
Kuop,Anous_ceruleus,0.0
Lamotrek,Anous_ceruleus,0.0
Laualau,Anous_ceruleus,0.0
Lib,Anous_ceruleus,0.0
Liot,Anous_ceruleus,0.0
Long_Reef,Anous_ceruleus,0.0
Maalhosmadulu,Anous_ceruleus,0.0
Makemo,Anous_ceruleus,1.0
Makunudhoo,Anous_ceruleus,0.0
Male,Anous_ceruleus,0.0
Maloelap,Anous_ceruleus,0.0
Malum,Anous_ceruleus,0.0
Manuae,Anous_ceruleus,0.0
Marokau,Anous_ceruleus,1.0
Marutea_Nord,Anous_ceruleus,1.0
Meemu,Anous_ceruleus,0.0
Miladhunmadulu,Anous_ceruleus,0.0
Minicoy,Anous_ceruleus,0.0
Motutunga,Anous_ceruleus,1.0
Murilo,Anous_ceruleus,0.0
Namonuito,Anous_ceruleus,0.0
Namorik,Anous_ceruleus,0.0
Nanumanga,Anous_ceruleus,0.0
Nanumea,Anous_ceruleus,0.0
Ngulu,Anous_ceruleus,0.0
Nihiru,Anous_ceruleus,1.0
Nikunau,Anous_ceruleus,1.0
Nomwin,Anous_ceruleus,0.0
Nui,Anous_ceruleus,0.0
Nukufetau,Anous_ceruleus,0.0
Olimarao,Anous_ceruleus,0.0
Pinipel,Anous_ceruleus,0.0
Pulap,Anous_ceruleus,0.0
Pulusuk,Anous_ceruleus,0.0
Puluwat,Anous_ceruleus,0.0
Rasdhoo,Anous_ceruleus,0.0
Ravahere,Anous_ceruleus,1.0
Redlick,Anous_ceruleus,0.0
Rekareka,Anous_ceruleus,1.0
Ringgold,Anous_ceruleus,0.0
Rowa,Anous_ceruleus,0.0
Sama,Anous_ceruleus,0.0
Samasuma,Anous_ceruleus,0.0
St_Francois,Anous_ceruleus,0.0
Taenga,Anous_ceruleus,1.0
Tauere,Anous_ceruleus,1.0
Tenaruga,Anous_ceruleus,1.0
Tepoto,Anous_ceruleus,1.0
Thiladhunmathi,Anous_ceruleus,0.0
Tuanake,Anous_ceruleus,1.0
Vahitahi,Anous_ceruleus,1.0
West_Fayu,Anous_ceruleus,0.0
Woleai,Anous_ceruleus,0.0
Abaiang,Anous_minutus,1.0
Ailinglaplap,Anous_minutus,1.0
Alphonse,Anous_minutus,1.0
Amanu,Anous_minutus,0.0
Analtin,Anous_minutus,1.0
Ari,Anous_minutus,1.0
Awin,Anous_minutus,1.0
Baa,Anous_minutus,1.0
Beru,Anous_minutus,1.0
Bramble_Haven,Anous_minutus,1.0
Budibudi,Anous_minutus,1.0
Chetlat,Anous_minutus,1.0
Dhaalu,Anous_minutus,1.0
Eauripik,Anous_minutus,1.0
Ebon,Anous_minutus,1.0
Elato,Anous_minutus,1.0
Faadhippolhu,Anous_minutus,1.0
Faafu,Anous_minutus,1.0
Faraulep,Anous_minutus,1.0
Felidhu,Anous_minutus,1.0
Gaafaru,Anous_minutus,1.0
Haddhunmathi,Anous_minutus,1.0
Hikueru,Anous_minutus,0.0
Hiti,Anous_minutus,0.0
Huvadhu,Anous_minutus,1.0
Ifalik,Anous_minutus,1.0
Ihavandhippolu,Anous_minutus,1.0
Kalpeni,Anous_minutus,1.0
Katiu,Anous_minutus,0.0
Kiltan,Anous_minutus,1.0
Kolhumadulu,Anous_minutus,1.0
Kuop,Anous_minutus,1.0
Lamotrek,Anous_minutus,1.0
Laualau,Anous_minutus,1.0
Lib,Anous_minutus,1.0
Liot,Anous_minutus,1.0
Long_Reef,Anous_minutus,1.0
Maalhosmadulu,Anous_minutus,1.0
Makemo,Anous_minutus,0.0
Makunudhoo,Anous_minutus,1.0
Male,Anous_minutus,1.0
Maloelap,Anous_minutus,1.0
Malum,Anous_minutus,1.0
Manuae,Anous_minutus,0.0
Marokau,Anous_minutus,0.0
Marutea_Nord,Anous_minutus,0.0
Meemu,Anous_minutus,1.0
Miladhunmadulu,Anous_minutus,1.0
Minicoy,Anous_minutus,1.0
Motutunga,Anous_minutus,0.0
Murilo,Anous_minutus,1.0
Namonuito,Anous_minutus,1.0
Namorik,Anous_minutus,1.0
Nanumanga,Anous_minutus,1.0
Nanumea,Anous_minutus,1.0
Ngulu,Anous_minutus,1.0
Nihiru,Anous_minutus,0.0
Nikunau,Anous_minutus,1.0
Nomwin,Anous_minutus,1.0
Nui,Anous_minutus,1.0
Nukufetau,Anous_minutus,1.0
Olimarao,Anous_minutus,1.0
Pinipel,Anous_minutus,1.0
Pulap,Anous_minutus,1.0
Pulusuk,Anous_minutus,1.0
Puluwat,Anous_minutus,1.0
Rasdhoo,Anous_minutus,1.0
Ravahere,Anous_minutus,0.0
Redlick,Anous_minutus,1.0
Rekareka,Anous_minutus,0.0
Ringgold,Anous_minutus,1.0
Rowa,Anous_minutus,1.0
Sama,Anous_minutus,1.0
Samasuma,Anous_minutus,1.0
St_Francois,Anous_minutus,1.0
Taenga,Anous_minutus,0.0
Tauere,Anous_minutus,0.0
Tenaruga,Anous_minutus,0.0
Tepoto,Anous_minutus,0.0
Thiladhunmathi,Anous_minutus,1.0
Tuanake,Anous_minutus,0.0
Vahitahi,Anous_minutus,0.0
West_Fayu,Anous_minutus,1.0
Woleai,Anous_minutus,1.0
Abaiang,Anous_stolidus,1.0
Ailinglaplap,Anous_stolidus,1.0
Alphonse,Anous_stolidus,0.0
Amanu,Anous_stolidus,1.0
Analtin,Anous_stolidus,1.0
Ari,Anous_stolidus,1.0
Awin,Anous_stolidus,0.0
Baa,Anous_stolidus,0.0
Beru,Anous_stolidus,1.0
Bramble_Haven,Anous_stolidus,0.0
Budibudi,Anous_stolidus,0.0
Chetlat,Anous_stolidus,0.0
Dhaalu,Anous_stolidus,0.0
Eauripik,Anous_stolidus,0.0
Ebon,Anous_stolidus,1.0
Elato,Anous_stolidus,0.0
Faadhippolhu,Anous_stolidus,0.0
Faafu,Anous_stolidus,0.0
Faraulep,Anous_stolidus,1.0
Felidhu,Anous_stolidus,0.0
Gaafaru,Anous_stolidus,0.0
Haddhunmathi,Anous_stolidus,0.0
Hikueru,Anous_stolidus,1.0
Hiti,Anous_stolidus,1.0
Huvadhu,Anous_stolidus,1.0
Ifalik,Anous_stolidus,0.0
Ihavandhippolu,Anous_stolidus,0.0
Kalpeni,Anous_stolidus,0.0
Katiu,Anous_stolidus,1.0
Kiltan,Anous_stolidus,0.0
Kolhumadulu,Anous_stolidus,0.0
Kuop,Anous_stolidus,0.0
Lamotrek,Anous_stolidus,0.0
Laualau,Anous_stolidus,0.0
Lib,Anous_stolidus,0.0
Liot,Anous_stolidus,0.0
Long_Reef,Anous_stolidus,0.0
Maalhosmadulu,Anous_stolidus,0.0
Makemo,Anous_stolidus,1.0
Makunudhoo,Anous_stolidus,0.0
Male,Anous_stolidus,0.0
Maloelap,Anous_stolidus,1.0
Malum,Anous_stolidus,0.0
Manuae,Anous_stolidus,1.0
Marokau,Anous_stolidus,1.0
Marutea_Nord,Anous_stolidus,1.0
Meemu,Anous_stolidus,0.0
Miladhunmadulu,Anous_stolidus,0.0
Minicoy,Anous_stolidus,0.0
Motutunga,Anous_stolidus,1.0
Murilo,Anous_stolidus,0.0
Namonuito,Anous_stolidus,0.0
Namorik,Anous_stolidus,1.0
Nanumanga,Anous_stolidus,1.0
Nanumea,Anous_stolidus,1.0
Ngulu,Anous_stolidus,0.0
Nihiru,Anous_stolidus,1.0
Nikunau,Anous_stolidus,1.0
Nomwin,Anous_stolidus,0.0
Nui,Anous_stolidus,1.0
Nukufetau,Anous_stolidus,1.0
Olimarao,Anous_stolidus,0.0
Pinipel,Anous_stolidus,0.0
Pulap,Anous_stolidus,0.0
Pulusuk,Anous_stolidus,0.0
Puluwat,Anous_stolidus,0.0
Rasdhoo,Anous_stolidus,0.0
Ravahere,Anous_stolidus,1.0
Redlick,Anous_stolidus,0.0
Rekareka,Anous_stolidus,1.0
Ringgold,Anous_stolidus,0.0
Rowa,Anous_stolidus,1.0
Sama,Anous_stolidus,0.0
Samasuma,Anous_stolidus,0.0
St_Francois,Anous_stolidus,0.0
Taenga,Anous_stolidus,1.0
Tauere,Anous_stolidus,1.0
Tenaruga,Anous_stolidus,1.0
Tepoto,Anous_stolidus,1.0
Thiladhunmathi,Anous_stolidus,0.0
Tuanake,Anous_stolidus,1.0
Vahitahi,Anous_stolidus,1.0
West_Fayu,Anous_stolidus,0.0
Woleai,Anous_stolidus,0.0
Abaiang,Anous_tenuirostris,0.0
Ailinglaplap,Anous_tenuirostris,1.0
Alphonse,Anous_tenuirostris,0.0
Amanu,Anous_tenuirostris,1.0
Analtin,Anous_tenuirostris,1.0
Ari,Anous_tenuirostris,0.0
Awin,Anous_tenuirostris,0.0
Baa,Anous_tenuirostris,0.0
Beru,Anous_tenuirostris,0.0
Bramble_Haven,Anous_tenuirostris,0.0
Budibudi,Anous_tenuirostris,0.0
Chetlat,Anous_tenuirostris,0.0
Dhaalu,Anous_tenuirostris,0.0
Eauripik,Anous_tenuirostris,0.0
Ebon,Anous_tenuirostris,1.0
Elato,Anous_tenuirostris,1.0
Faadhippolhu,Anous_tenuirostris,0.0
Faafu,Anous_tenuirostris,0.0
Faraulep,Anous_tenuirostris,1.0
Felidhu,Anous_tenuirostris,0.0
Gaafaru,Anous_tenuirostris,0.0
Haddhunmathi,Anous_tenuirostris,0.0
Hikueru,Anous_tenuirostris,0.0
Hiti,Anous_tenuirostris,0.0
Huvadhu,Anous_tenuirostris,1.0
Ifalik,Anous_tenuirostris,0.0
Ihavandhippolu,Anous_tenuirostris,0.0
Kalpeni,Anous_tenuirostris,0.0
Katiu,Anous_tenuirostris,0.0
Kiltan,Anous_tenuirostris,0.0
Kolhumadulu,Anous_tenuirostris,0.0
Kuop,Anous_tenuirostris,1.0
Lamotrek,Anous_tenuirostris,0.0
Laualau,Anous_tenuirostris,0.0
Lib,Anous_tenuirostris,0.0
Liot,Anous_tenuirostris,0.0
Long_Reef,Anous_tenuirostris,0.0
Maalhosmadulu,Anous_tenuirostris,0.0
Makemo,Anous_tenuirostris,1.0
Makunudhoo,Anous_tenuirostris,0.0
Male,Anous_tenuirostris,0.0
Maloelap,Anous_tenuirostris,1.0
Malum,Anous_tenuirostris,0.0
Manuae,Anous_tenuirostris,1.0
Marokau,Anous_tenuirostris,1.0
Marutea_Nord,Anous_tenuirostris,0.0
Meemu,Anous_tenuirostris,0.0
Miladhunmadulu,Anous_tenuirostris,0.0
Minicoy,Anous_tenuirostris,0.0
Motutunga,Anous_tenuirostris,0.0
Murilo,Anous_tenuirostris,0.0
Namonuito,Anous_tenuirostris,0.0
Namorik,Anous_tenuirostris,1.0
Nanumanga,Anous_tenuirostris,1.0
Nanumea,Anous_tenuirostris,1.0
Ngulu,Anous_tenuirostris,0.0
Nihiru,Anous_tenuirostris,1.0
Nikunau,Anous_tenuirostris,0.0
Nomwin,Anous_tenuirostris,0.0
Nui,Anous_tenuirostris,1.0
Nukufetau,Anous_tenuirostris,1.0
Olimarao,Anous_tenuirostris,0.0
Pinipel,Anous_tenuirostris,0.0
Pulap,Anous_tenuirostris,0.0
Pulusuk,Anous_tenuirostris,1.0
Puluwat,Anous_tenuirostris,0.0
Rasdhoo,Anous_tenuirostris,0.0
Ravahere,Anous_tenuirostris,1.0
Redlick,Anous_tenuirostris,0.0
Rekareka,Anous_tenuirostris,1.0
Ringgold,Anous_tenuirostris,0.0
Rowa,Anous_tenuirostris,1.0
Sama,Anous_tenuirostris,0.0
Samasuma,Anous_tenuirostris,0.0
St_Francois,Anous_tenuirostris,0.0
Taenga,Anous_tenuirostris,1.0
Tauere,Anous_tenuirostris,1.0
Tenaruga,Anous_tenuirostris,1.0
Tepoto,Anous_tenuirostris,0.0
Thiladhunmathi,Anous_tenuirostris,0.0
Tuanake,Anous_tenuirostris,0.0
Vahitahi,Anous_tenuirostris,1.0
West_Fayu,Anous_tenuirostris,0.0
Woleai,Anous_tenuirostris,0.0
Abaiang,Ardenna_pacifica,0.0
Ailinglaplap,Ardenna_pacifica,0.0
Alphonse,Ardenna_pacifica,0.0
Amanu,Ardenna_pacifica,1.0
Analtin,Ardenna_pacifica,0.0
Ari,Ardenna_pacifica,1.0
Awin,Ardenna_pacifica,0.0
Baa,Ardenna_pacifica,0.0
Beru,Ardenna_pacifica,1.0
Bramble_Haven,Ardenna_pacifica,0.0
Budibudi,Ardenna_pacifica,0.0
Chetlat,Ardenna_pacifica,1.0
Dhaalu,Ardenna_pacifica,1.0
Eauripik,Ardenna_pacifica,1.0
Ebon,Ardenna_pacifica,0.0
Elato,Ardenna_pacifica,0.0
Faadhippolhu,Ardenna_pacifica,1.0
Faafu,Ardenna_pacifica,0.0
Faraulep,Ardenna_pacifica,1.0
Felidhu,Ardenna_pacifica,1.0
Gaafaru,Ardenna_pacifica,0.0
Haddhunmathi,Ardenna_pacifica,1.0
Hikueru,Ardenna_pacifica,0.0
Hiti,Ardenna_pacifica,0.0
Huvadhu,Ardenna_pacifica,1.0
Ifalik,Ardenna_pacifica,1.0
Ihavandhippolu,Ardenna_pacifica,1.0
Kalpeni,Ardenna_pacifica,1.0
Katiu,Ardenna_pacifica,0.0
Kiltan,Ardenna_pacifica,1.0
Kolhumadulu,Ardenna_pacifica,1.0
Kuop,Ardenna_pacifica,0.0
Lamotrek,Ardenna_pacifica,0.0
Laualau,Ardenna_pacifica,0.0
Lib,Ardenna_pacifica,1.0
Liot,Ardenna_pacifica,0.0
Long_Reef,Ardenna_pacifica,0.0
Maalhosmadulu,Ardenna_pacifica,1.0
Makemo,Ardenna_pacifica,1.0
Makunudhoo,Ardenna_pacifica,0.0
Male,Ardenna_pacifica,1.0
Maloelap,Ardenna_pacifica,1.0
Malum,Ardenna_pacifica,0.0
Manuae,Ardenna_pacifica,1.0
Marokau,Ardenna_pacifica,0.0
Marutea_Nord,Ardenna_pacifica,0.0
Meemu,Ardenna_pacifica,1.0
Miladhunmadulu,Ardenna_pacifica,1.0
Minicoy,Ardenna_pacifica,1.0
Motutunga,Ardenna_pacifica,0.0
Murilo,Ardenna_pacifica,1.0
Namonuito,Ardenna_pacifica,1.0
Namorik,Ardenna_pacifica,0.0
Nanumanga,Ardenna_pacifica,0.0
Nanumea,Ardenna_pacifica,0.0
Ngulu,Ardenna_pacifica,1.0
Nihiru,Ardenna_pacifica,0.0
Nikunau,Ardenna_pacifica,1.0
Nomwin,Ardenna_pacifica,0.0
Nui,Ardenna_pacifica,0.0
Nukufetau,Ardenna_pacifica,0.0
Olimarao,Ardenna_pacifica,1.0
Pinipel,Ardenna_pacifica,0.0
Pulap,Ardenna_pacifica,0.0
Pulusuk,Ardenna_pacifica,0.0
Puluwat,Ardenna_pacifica,0.0
Rasdhoo,Ardenna_pacifica,0.0
Ravahere,Ardenna_pacifica,0.0
Redlick,Ardenna_pacifica,0.0
Rekareka,Ardenna_pacifica,0.0
Ringgold,Ardenna_pacifica,1.0
Rowa,Ardenna_pacifica,0.0
Sama,Ardenna_pacifica,0.0
Samasuma,Ardenna_pacifica,0.0
St_Francois,Ardenna_pacifica,0.0
Taenga,Ardenna_pacifica,0.0
Tauere,Ardenna_pacifica,0.0
Tenaruga,Ardenna_pacifica,0.0
Tepoto,Ardenna_pacifica,0.0
Thiladhunmathi,Ardenna_pacifica,1.0
Tuanake,Ardenna_pacifica,0.0
Vahitahi,Ardenna_pacifica,0.0
West_Fayu,Ardenna_pacifica,1.0
Woleai,Ardenna_pacifica,1.0
Abaiang,Fregata_ariel,1.0
Ailinglaplap,Fregata_ariel,0.0
Alphonse,Fregata_ariel,1.0
Amanu,Fregata_ariel,0.0
Analtin,Fregata_ariel,1.0
Ari,Fregata_ariel,0.0
Awin,Fregata_ariel,1.0
Baa,Fregata_ariel,0.0
Beru,Fregata_ariel,1.0
Bramble_Haven,Fregata_ariel,0.0
Budibudi,Fregata_ariel,1.0
Chetlat,Fregata_ariel,0.0
Dhaalu,Fregata_ariel,0.0
Eauripik,Fregata_ariel,0.0
Ebon,Fregata_ariel,1.0
Elato,Fregata_ariel,0.0
Faadhippolhu,Fregata_ariel,0.0
Faafu,Fregata_ariel,0.0
Faraulep,Fregata_ariel,0.0
Felidhu,Fregata_ariel,0.0
Gaafaru,Fregata_ariel,0.0
Haddhunmathi,Fregata_ariel,0.0
Hikueru,Fregata_ariel,0.0
Hiti,Fregata_ariel,1.0
Huvadhu,Fregata_ariel,0.0
Ifalik,Fregata_ariel,0.0
Ihavandhippolu,Fregata_ariel,0.0
Kalpeni,Fregata_ariel,0.0
Katiu,Fregata_ariel,1.0
Kiltan,Fregata_ariel,0.0
Kolhumadulu,Fregata_ariel,0.0
Kuop,Fregata_ariel,0.0
Lamotrek,Fregata_ariel,0.0
Laualau,Fregata_ariel,1.0
Lib,Fregata_ariel,1.0
Liot,Fregata_ariel,1.0
Long_Reef,Fregata_ariel,0.0
Maalhosmadulu,Fregata_ariel,0.0
Makemo,Fregata_ariel,0.0
Makunudhoo,Fregata_ariel,0.0
Male,Fregata_ariel,0.0
Maloelap,Fregata_ariel,0.0
Malum,Fregata_ariel,0.0
Manuae,Fregata_ariel,0.0
Marokau,Fregata_ariel,0.0
Marutea_Nord,Fregata_ariel,0.0
Meemu,Fregata_ariel,0.0
Miladhunmadulu,Fregata_ariel,0.0
Minicoy,Fregata_ariel,0.0
Motutunga,Fregata_ariel,1.0
Murilo,Fregata_ariel,1.0
Namonuito,Fregata_ariel,1.0
Namorik,Fregata_ariel,1.0
Nanumanga,Fregata_ariel,1.0
Nanumea,Fregata_ariel,1.0
Ngulu,Fregata_ariel,1.0
Nihiru,Fregata_ariel,1.0
Nikunau,Fregata_ariel,1.0
Nomwin,Fregata_ariel,0.0
Nui,Fregata_ariel,1.0
Nukufetau,Fregata_ariel,0.0
Olimarao,Fregata_ariel,0.0
Pinipel,Fregata_ariel,0.0
Pulap,Fregata_ariel,1.0
Pulusuk,Fregata_ariel,0.0
Puluwat,Fregata_ariel,0.0
Rasdhoo,Fregata_ariel,0.0
Ravahere,Fregata_ariel,0.0
Redlick,Fregata_ariel,0.0
Rekareka,Fregata_ariel,0.0
Ringgold,Fregata_ariel,1.0
Rowa,Fregata_ariel,0.0
Sama,Fregata_ariel,1.0
Samasuma,Fregata_ariel,1.0
St_Francois,Fregata_ariel,1.0
Taenga,Fregata_ariel,0.0
Tauere,Fregata_ariel,0.0
Tenaruga,Fregata_ariel,0.0
Tepoto,Fregata_ariel,1.0
Thiladhunmathi,Fregata_ariel,0.0
Tuanake,Fregata_ariel,1.0
Vahitahi,Fregata_ariel,0.0
West_Fayu,Fregata_ariel,1.0
Woleai,Fregata_ariel,0.0
Abaiang,Fregata_minor,0.0
Ailinglaplap,Fregata_minor,0.0
Alphonse,Fregata_minor,0.0
Amanu,Fregata_minor,1.0
Analtin,Fregata_minor,0.0
Ari,Fregata_minor,0.0
Awin,Fregata_minor,0.0
Baa,Fregata_minor,0.0
Beru,Fregata_minor,0.0
Bramble_Haven,Fregata_minor,0.0
Budibudi,Fregata_minor,0.0
Chetlat,Fregata_minor,1.0
Dhaalu,Fregata_minor,0.0
Eauripik,Fregata_minor,1.0
Ebon,Fregata_minor,0.0
Elato,Fregata_minor,1.0
Faadhippolhu,Fregata_minor,0.0
Faafu,Fregata_minor,0.0
Faraulep,Fregata_minor,1.0
Felidhu,Fregata_minor,0.0
Gaafaru,Fregata_minor,0.0
Haddhunmathi,Fregata_minor,0.0
Hikueru,Fregata_minor,1.0
Hiti,Fregata_minor,0.0
Huvadhu,Fregata_minor,0.0
Ifalik,Fregata_minor,1.0
Ihavandhippolu,Fregata_minor,0.0
Kalpeni,Fregata_minor,0.0
Katiu,Fregata_minor,0.0
Kiltan,Fregata_minor,0.0
Kolhumadulu,Fregata_minor,0.0
Kuop,Fregata_minor,0.0
Lamotrek,Fregata_minor,1.0
Laualau,Fregata_minor,0.0
Lib,Fregata_minor,1.0
Liot,Fregata_minor,0.0
Long_Reef,Fregata_minor,0.0
Maalhosmadulu,Fregata_minor,0.0
Makemo,Fregata_minor,0.0
Makunudhoo,Fregata_minor,0.0
Male,Fregata_minor,0.0
Maloelap,Fregata_minor,0.0
Malum,Fregata_minor,0.0
Manuae,Fregata_minor,1.0
Marokau,Fregata_minor,1.0
Marutea_Nord,Fregata_minor,0.0
Meemu,Fregata_minor,0.0
Miladhunmadulu,Fregata_minor,0.0
Minicoy,Fregata_minor,0.0
Motutunga,Fregata_minor,0.0
Murilo,Fregata_minor,1.0
Namonuito,Fregata_minor,1.0
Namorik,Fregata_minor,1.0
Nanumanga,Fregata_minor,0.0
Nanumea,Fregata_minor,0.0
Ngulu,Fregata_minor,1.0
Nihiru,Fregata_minor,1.0
Nikunau,Fregata_minor,0.0
Nomwin,Fregata_minor,1.0
Nui,Fregata_minor,0.0
Nukufetau,Fregata_minor,0.0
Olimarao,Fregata_minor,1.0
Pinipel,Fregata_minor,0.0
Pulap,Fregata_minor,1.0
Pulusuk,Fregata_minor,1.0
Puluwat,Fregata_minor,1.0
Rasdhoo,Fregata_minor,0.0
Ravahere,Fregata_minor,1.0
Redlick,Fregata_minor,0.0
Rekareka,Fregata_minor,1.0
Ringgold,Fregata_minor,1.0
Rowa,Fregata_minor,1.0
Sama,Fregata_minor,0.0
Samasuma,Fregata_minor,0.0
St_Francois,Fregata_minor,0.0
Taenga,Fregata_minor,0.0
Tauere,Fregata_minor,1.0
Tenaruga,Fregata_minor,1.0
Tepoto,Fregata_minor,0.0
Thiladhunmathi,Fregata_minor,0.0
Tuanake,Fregata_minor,0.0
Vahitahi,Fregata_minor,1.0
West_Fayu,Fregata_minor,1.0
Woleai,Fregata_minor,1.0
Abaiang,Gygis_alba,1.0
Ailinglaplap,Gygis_alba,1.0
Alphonse,Gygis_alba,1.0
Amanu,Gygis_alba,1.0
Analtin,Gygis_alba,1.0
Ari,Gygis_alba,0.0
Awin,Gygis_alba,1.0
Baa,Gygis_alba,1.0
Beru,Gygis_alba,1.0
Bramble_Haven,Gygis_alba,0.0
Budibudi,Gygis_alba,0.0
Chetlat,Gygis_alba,0.0
Dhaalu,Gygis_alba,1.0
Eauripik,Gygis_alba,0.0
Ebon,Gygis_alba,1.0
Elato,Gygis_alba,0.0
Faadhippolhu,Gygis_alba,0.0
Faafu,Gygis_alba,0.0
Faraulep,Gygis_alba,0.0
Felidhu,Gygis_alba,0.0
Gaafaru,Gygis_alba,0.0
Haddhunmathi,Gygis_alba,1.0
Hikueru,Gygis_alba,1.0
Hiti,Gygis_alba,1.0
Huvadhu,Gygis_alba,1.0
Ifalik,Gygis_alba,0.0
Ihavandhippolu,Gygis_alba,0.0
Kalpeni,Gygis_alba,0.0
Katiu,Gygis_alba,1.0
Kiltan,Gygis_alba,0.0
Kolhumadulu,Gygis_alba,0.0
Kuop,Gygis_alba,0.0
Lamotrek,Gygis_alba,0.0
Laualau,Gygis_alba,1.0
Lib,Gygis_alba,0.0
Liot,Gygis_alba,1.0
Long_Reef,Gygis_alba,0.0
Maalhosmadulu,Gygis_alba,1.0
Makemo,Gygis_alba,1.0
Makunudhoo,Gygis_alba,0.0
Male,Gygis_alba,0.0
Maloelap,Gygis_alba,1.0
Malum,Gygis_alba,0.0
Manuae,Gygis_alba,1.0
Marokau,Gygis_alba,1.0
Marutea_Nord,Gygis_alba,1.0
Meemu,Gygis_alba,0.0
Miladhunmadulu,Gygis_alba,0.0
Minicoy,Gygis_alba,0.0
Motutunga,Gygis_alba,1.0
Murilo,Gygis_alba,0.0
Namonuito,Gygis_alba,0.0
Namorik,Gygis_alba,0.0
Nanumanga,Gygis_alba,1.0
Nanumea,Gygis_alba,1.0
Ngulu,Gygis_alba,0.0
Nihiru,Gygis_alba,1.0
Nikunau,Gygis_alba,1.0
Nomwin,Gygis_alba,0.0
Nui,Gygis_alba,1.0
Nukufetau,Gygis_alba,1.0
Olimarao,Gygis_alba,0.0
Pinipel,Gygis_alba,0.0
Pulap,Gygis_alba,0.0
Pulusuk,Gygis_alba,0.0
Puluwat,Gygis_alba,0.0
Rasdhoo,Gygis_alba,1.0
Ravahere,Gygis_alba,1.0
Redlick,Gygis_alba,0.0
Rekareka,Gygis_alba,1.0
Ringgold,Gygis_alba,0.0
Rowa,Gygis_alba,0.0
Sama,Gygis_alba,1.0
Samasuma,Gygis_alba,1.0
St_Francois,Gygis_alba,1.0
Taenga,Gygis_alba,1.0
Tauere,Gygis_alba,1.0
Tenaruga,Gygis_alba,1.0
Tepoto,Gygis_alba,1.0
Thiladhunmathi,Gygis_alba,0.0
Tuanake,Gygis_alba,1.0
Vahitahi,Gygis_alba,1.0
West_Fayu,Gygis_alba,0.0
Woleai,Gygis_alba,0.0
Abaiang,Onychoprion_anaethetus,0.0
Ailinglaplap,Onychoprion_anaethetus,0.0
Alphonse,Onychoprion_anaethetus,1.0
Amanu,Onychoprion_anaethetus,1.0
Analtin,Onychoprion_anaethetus,0.0
Ari,Onychoprion_anaethetus,0.0
Awin,Onychoprion_anaethetus,0.0
Baa,Onychoprion_anaethetus,0.0
Beru,Onychoprion_anaethetus,1.0
Bramble_Haven,Onychoprion_anaethetus,0.0
Budibudi,Onychoprion_anaethetus,0.0
Chetlat,Onychoprion_anaethetus,0.0
Dhaalu,Onychoprion_anaethetus,0.0
Eauripik,Onychoprion_anaethetus,0.0
Ebon,Onychoprion_anaethetus,0.0
Elato,Onychoprion_anaethetus,0.0
Faadhippolhu,Onychoprion_anaethetus,0.0
Faafu,Onychoprion_anaethetus,0.0
Faraulep,Onychoprion_anaethetus,0.0
Felidhu,Onychoprion_anaethetus,0.0
Gaafaru,Onychoprion_anaethetus,0.0
Haddhunmathi,Onychoprion_anaethetus,0.0
Hikueru,Onychoprion_anaethetus,1.0
Hiti,Onychoprion_anaethetus,1.0
Huvadhu,Onychoprion_anaethetus,0.0
Ifalik,Onychoprion_anaethetus,0.0
Ihavandhippolu,Onychoprion_anaethetus,0.0
Kalpeni,Onychoprion_anaethetus,0.0
Katiu,Onychoprion_anaethetus,1.0
Kiltan,Onychoprion_anaethetus,0.0
Kolhumadulu,Onychoprion_anaethetus,0.0
Kuop,Onychoprion_anaethetus,0.0
Lamotrek,Onychoprion_anaethetus,0.0
Laualau,Onychoprion_anaethetus,0.0
Lib,Onychoprion_anaethetus,0.0
Liot,Onychoprion_anaethetus,0.0
Long_Reef,Onychoprion_anaethetus,0.0
Maalhosmadulu,Onychoprion_anaethetus,0.0
Makemo,Onychoprion_anaethetus,0.0
Makunudhoo,Onychoprion_anaethetus,0.0
Male,Onychoprion_anaethetus,0.0
Maloelap,Onychoprion_anaethetus,0.0
Malum,Onychoprion_anaethetus,0.0
Manuae,Onychoprion_anaethetus,1.0
Marokau,Onychoprion_anaethetus,1.0
Marutea_Nord,Onychoprion_anaethetus,1.0
Meemu,Onychoprion_anaethetus,0.0
Miladhunmadulu,Onychoprion_anaethetus,0.0
Minicoy,Onychoprion_anaethetus,0.0
Motutunga,Onychoprion_anaethetus,1.0
Murilo,Onychoprion_anaethetus,0.0
Namonuito,Onychoprion_anaethetus,0.0
Namorik,Onychoprion_anaethetus,0.0
Nanumanga,Onychoprion_anaethetus,0.0
Nanumea,Onychoprion_anaethetus,0.0
Ngulu,Onychoprion_anaethetus,0.0
Nihiru,Onychoprion_anaethetus,1.0
Nikunau,Onychoprion_anaethetus,1.0
Nomwin,Onychoprion_anaethetus,0.0
Nui,Onychoprion_anaethetus,0.0
Nukufetau,Onychoprion_anaethetus,0.0
Olimarao,Onychoprion_anaethetus,0.0
Pinipel,Onychoprion_anaethetus,0.0
Pulap,Onychoprion_anaethetus,0.0
Pulusuk,Onychoprion_anaethetus,0.0
Puluwat,Onychoprion_anaethetus,0.0
Rasdhoo,Onychoprion_anaethetus,0.0
Ravahere,Onychoprion_anaethetus,1.0
Redlick,Onychoprion_anaethetus,0.0
Rekareka,Onychoprion_anaethetus,1.0
Ringgold,Onychoprion_anaethetus,1.0
Rowa,Onychoprion_anaethetus,0.0
Sama,Onychoprion_anaethetus,0.0
Samasuma,Onychoprion_anaethetus,0.0
St_Francois,Onychoprion_anaethetus,1.0
Taenga,Onychoprion_anaethetus,1.0
Tauere,Onychoprion_anaethetus,1.0
Tenaruga,Onychoprion_anaethetus,1.0
Tepoto,Onychoprion_anaethetus,1.0
Thiladhunmathi,Onychoprion_anaethetus,0.0
Tuanake,Onychoprion_anaethetus,1.0
Vahitahi,Onychoprion_anaethetus,1.0
West_Fayu,Onychoprion_anaethetus,0.0
Woleai,Onychoprion_anaethetus,0.0
Abaiang,Onychoprion_fuscatus,1.0
Ailinglaplap,Onychoprion_fuscatus,0.0
Alphonse,Onychoprion_fuscatus,1.0
Amanu,Onychoprion_fuscatus,0.0
Analtin,Onychoprion_fuscatus,0.0
Ari,Onychoprion_fuscatus,0.0
Awin,Onychoprion_fuscatus,0.0
Baa,Onychoprion_fuscatus,0.0
Beru,Onychoprion_fuscatus,1.0
Bramble_Haven,Onychoprion_fuscatus,0.0
Budibudi,Onychoprion_fuscatus,1.0
Chetlat,Onychoprion_fuscatus,1.0
Dhaalu,Onychoprion_fuscatus,0.0
Eauripik,Onychoprion_fuscatus,1.0
Ebon,Onychoprion_fuscatus,1.0
Elato,Onychoprion_fuscatus,1.0
Faadhippolhu,Onychoprion_fuscatus,0.0
Faafu,Onychoprion_fuscatus,1.0
Faraulep,Onychoprion_fuscatus,1.0
Felidhu,Onychoprion_fuscatus,1.0
Gaafaru,Onychoprion_fuscatus,1.0
Haddhunmathi,Onychoprion_fuscatus,0.0
Hikueru,Onychoprion_fuscatus,0.0
Hiti,Onychoprion_fuscatus,0.0
Huvadhu,Onychoprion_fuscatus,0.0
Ifalik,Onychoprion_fuscatus,1.0
Ihavandhippolu,Onychoprion_fuscatus,1.0
Kalpeni,Onychoprion_fuscatus,1.0
Katiu,Onychoprion_fuscatus,0.0
Kiltan,Onychoprion_fuscatus,1.0
Kolhumadulu,Onychoprion_fuscatus,0.0
Kuop,Onychoprion_fuscatus,0.0
Lamotrek,Onychoprion_fuscatus,1.0
Laualau,Onychoprion_fuscatus,0.0
Lib,Onychoprion_fuscatus,1.0
Liot,Onychoprion_fuscatus,0.0
Long_Reef,Onychoprion_fuscatus,0.0
Maalhosmadulu,Onychoprion_fuscatus,0.0
Makemo,Onychoprion_fuscatus,0.0
Makunudhoo,Onychoprion_fuscatus,1.0
Male,Onychoprion_fuscatus,0.0
Maloelap,Onychoprion_fuscatus,0.0
Malum,Onychoprion_fuscatus,0.0
Manuae,Onychoprion_fuscatus,1.0
Marokau,Onychoprion_fuscatus,0.0
Marutea_Nord,Onychoprion_fuscatus,0.0
Meemu,Onychoprion_fuscatus,0.0
Miladhunmadulu,Onychoprion_fuscatus,0.0
Minicoy,Onychoprion_fuscatus,1.0
Motutunga,Onychoprion_fuscatus,0.0
Murilo,Onychoprion_fuscatus,1.0
Namonuito,Onychoprion_fuscatus,1.0
Namorik,Onychoprion_fuscatus,1.0
Nanumanga,Onychoprion_fuscatus,1.0
Nanumea,Onychoprion_fuscatus,1.0
Ngulu,Onychoprion_fuscatus,1.0
Nihiru,Onychoprion_fuscatus,0.0
Nikunau,Onychoprion_fuscatus,1.0
Nomwin,Onychoprion_fuscatus,0.0
Nui,Onychoprion_fuscatus,1.0
Nukufetau,Onychoprion_fuscatus,0.0
Olimarao,Onychoprion_fuscatus,1.0
Pinipel,Onychoprion_fuscatus,1.0
Pulap,Onychoprion_fuscatus,1.0
Pulusuk,Onychoprion_fuscatus,1.0
Puluwat,Onychoprion_fuscatus,0.0
Rasdhoo,Onychoprion_fuscatus,1.0
Ravahere,Onychoprion_fuscatus,0.0
Redlick,Onychoprion_fuscatus,0.0
Rekareka,Onychoprion_fuscatus,0.0
Ringgold,Onychoprion_fuscatus,1.0
Rowa,Onychoprion_fuscatus,1.0
Sama,Onychoprion_fuscatus,0.0
Samasuma,Onychoprion_fuscatus,0.0
St_Francois,Onychoprion_fuscatus,1.0
Taenga,Onychoprion_fuscatus,0.0
Tauere,Onychoprion_fuscatus,0.0
Tenaruga,Onychoprion_fuscatus,0.0
Tepoto,Onychoprion_fuscatus,0.0
Thiladhunmathi,Onychoprion_fuscatus,0.0
Tuanake,Onychoprion_fuscatus,0.0
Vahitahi,Onychoprion_fuscatus,0.0
West_Fayu,Onychoprion_fuscatus,1.0
Woleai,Onychoprion_fuscatus,1.0
Abaiang,Onychoprion_lunatus,1.0
Ailinglaplap,Onychoprion_lunatus,0.0
Alphonse,Onychoprion_lunatus,0.0
Amanu,Onychoprion_lunatus,1.0
Analtin,Onychoprion_lunatus,0.0
Ari,Onychoprion_lunatus,0.0
Awin,Onychoprion_lunatus,0.0
Baa,Onychoprion_lunatus,0.0
Beru,Onychoprion_lunatus,1.0
Bramble_Haven,Onychoprion_lunatus,0.0
Budibudi,Onychoprion_lunatus,0.0
Chetlat,Onychoprion_lunatus,0.0
Dhaalu,Onychoprion_lunatus,0.0
Eauripik,Onychoprion_lunatus,0.0
Ebon,Onychoprion_lunatus,0.0
Elato,Onychoprion_lunatus,0.0
Faadhippolhu,Onychoprion_lunatus,0.0
Faafu,Onychoprion_lunatus,0.0
Faraulep,Onychoprion_lunatus,0.0
Felidhu,Onychoprion_lunatus,0.0
Gaafaru,Onychoprion_lunatus,0.0
Haddhunmathi,Onychoprion_lunatus,0.0
Hikueru,Onychoprion_lunatus,1.0
Hiti,Onychoprion_lunatus,1.0
Huvadhu,Onychoprion_lunatus,1.0
Ifalik,Onychoprion_lunatus,0.0
Ihavandhippolu,Onychoprion_lunatus,0.0
Kalpeni,Onychoprion_lunatus,0.0
Katiu,Onychoprion_lunatus,1.0
Kiltan,Onychoprion_lunatus,0.0
Kolhumadulu,Onychoprion_lunatus,0.0
Kuop,Onychoprion_lunatus,0.0
Lamotrek,Onychoprion_lunatus,0.0
Laualau,Onychoprion_lunatus,0.0
Lib,Onychoprion_lunatus,0.0
Liot,Onychoprion_lunatus,0.0
Long_Reef,Onychoprion_lunatus,0.0
Maalhosmadulu,Onychoprion_lunatus,0.0
Makemo,Onychoprion_lunatus,1.0
Makunudhoo,Onychoprion_lunatus,0.0
Male,Onychoprion_lunatus,0.0
Maloelap,Onychoprion_lunatus,0.0
Malum,Onychoprion_lunatus,0.0
Manuae,Onychoprion_lunatus,0.0
Marokau,Onychoprion_lunatus,1.0
Marutea_Nord,Onychoprion_lunatus,1.0
Meemu,Onychoprion_lunatus,0.0
Miladhunmadulu,Onychoprion_lunatus,0.0
Minicoy,Onychoprion_lunatus,0.0
Motutunga,Onychoprion_lunatus,1.0
Murilo,Onychoprion_lunatus,0.0
Namonuito,Onychoprion_lunatus,0.0
Namorik,Onychoprion_lunatus,0.0
Nanumanga,Onychoprion_lunatus,0.0
Nanumea,Onychoprion_lunatus,1.0
Ngulu,Onychoprion_lunatus,0.0
Nihiru,Onychoprion_lunatus,1.0
Nikunau,Onychoprion_lunatus,1.0
Nomwin,Onychoprion_lunatus,0.0
Nui,Onychoprion_lunatus,0.0
Nukufetau,Onychoprion_lunatus,0.0
Olimarao,Onychoprion_lunatus,0.0
Pinipel,Onychoprion_lunatus,0.0
Pulap,Onychoprion_lunatus,0.0
Pulusuk,Onychoprion_lunatus,0.0
Puluwat,Onychoprion_lunatus,0.0
Rasdhoo,Onychoprion_lunatus,0.0
Ravahere,Onychoprion_lunatus,1.0
Redlick,Onychoprion_lunatus,0.0
Rekareka,Onychoprion_lunatus,1.0
Ringgold,Onychoprion_lunatus,0.0
Rowa,Onychoprion_lunatus,0.0
Sama,Onychoprion_lunatus,0.0
Samasuma,Onychoprion_lunatus,0.0
St_Francois,Onychoprion_lunatus,0.0
Taenga,Onychoprion_lunatus,1.0
Tauere,Onychoprion_lunatus,1.0
Tenaruga,Onychoprion_lunatus,0.0
Tepoto,Onychoprion_lunatus,1.0
Thiladhunmathi,Onychoprion_lunatus,0.0
Tuanake,Onychoprion_lunatus,1.0
Vahitahi,Onychoprion_lunatus,1.0
West_Fayu,Onychoprion_lunatus,0.0
Woleai,Onychoprion_lunatus,0.0
Abaiang,Phaethon_lepturus,1.0
Ailinglaplap,Phaethon_lepturus,1.0
Alphonse,Phaethon_lepturus,1.0
Amanu,Phaethon_lepturus,0.0
Analtin,Phaethon_lepturus,1.0
Ari,Phaethon_lepturus,1.0
Awin,Phaethon_lepturus,1.0
Baa,Phaethon_lepturus,1.0
Beru,Phaethon_lepturus,1.0
Bramble_Haven,Phaethon_lepturus,1.0
Budibudi,Phaethon_lepturus,1.0
Chetlat,Phaethon_lepturus,1.0
Dhaalu,Phaethon_lepturus,1.0
Eauripik,Phaethon_lepturus,1.0
Ebon,Phaethon_lepturus,1.0
Elato,Phaethon_lepturus,1.0
Faadhippolhu,Phaethon_lepturus,1.0
Faafu,Phaethon_lepturus,1.0
Faraulep,Phaethon_lepturus,1.0
Felidhu,Phaethon_lepturus,1.0
Gaafaru,Phaethon_lepturus,1.0
Haddhunmathi,Phaethon_lepturus,1.0
Hikueru,Phaethon_lepturus,0.0
Hiti,Phaethon_lepturus,0.0
Huvadhu,Phaethon_lepturus,1.0
Ifalik,Phaethon_lepturus,1.0
Ihavandhippolu,Phaethon_lepturus,1.0
Kalpeni,Phaethon_lepturus,1.0
Katiu,Phaethon_lepturus,0.0
Kiltan,Phaethon_lepturus,1.0
Kolhumadulu,Phaethon_lepturus,1.0
Kuop,Phaethon_lepturus,0.0
Lamotrek,Phaethon_lepturus,1.0
Laualau,Phaethon_lepturus,1.0
Lib,Phaethon_lepturus,1.0
Liot,Phaethon_lepturus,1.0
Long_Reef,Phaethon_lepturus,1.0
Maalhosmadulu,Phaethon_lepturus,1.0
Makemo,Phaethon_lepturus,0.0
Makunudhoo,Phaethon_lepturus,1.0
Male,Phaethon_lepturus,1.0
Maloelap,Phaethon_lepturus,1.0
Malum,Phaethon_lepturus,1.0
Manuae,Phaethon_lepturus,0.0
Marokau,Phaethon_lepturus,0.0
Marutea_Nord,Phaethon_lepturus,0.0
Meemu,Phaethon_lepturus,1.0
Miladhunmadulu,Phaethon_lepturus,1.0
Minicoy,Phaethon_lepturus,1.0
Motutunga,Phaethon_lepturus,0.0
Murilo,Phaethon_lepturus,0.0
Namonuito,Phaethon_lepturus,0.0
Namorik,Phaethon_lepturus,1.0
Nanumanga,Phaethon_lepturus,1.0
Nanumea,Phaethon_lepturus,1.0
Ngulu,Phaethon_lepturus,1.0
Nihiru,Phaethon_lepturus,0.0
Nikunau,Phaethon_lepturus,1.0
Nomwin,Phaethon_lepturus,0.0
Nui,Phaethon_lepturus,1.0
Nukufetau,Phaethon_lepturus,1.0
Olimarao,Phaethon_lepturus,1.0
Pinipel,Phaethon_lepturus,1.0
Pulap,Phaethon_lepturus,0.0
Pulusuk,Phaethon_lepturus,0.0
Puluwat,Phaethon_lepturus,0.0
Rasdhoo,Phaethon_lepturus,1.0
Ravahere,Phaethon_lepturus,0.0
Redlick,Phaethon_lepturus,1.0
Rekareka,Phaethon_lepturus,0.0
Ringgold,Phaethon_lepturus,0.0
Rowa,Phaethon_lepturus,1.0
Sama,Phaethon_lepturus,1.0
Samasuma,Phaethon_lepturus,1.0
St_Francois,Phaethon_lepturus,1.0
Taenga,Phaethon_lepturus,0.0
Tauere,Phaethon_lepturus,0.0
Tenaruga,Phaethon_lepturus,0.0
Tepoto,Phaethon_lepturus,0.0
Thiladhunmathi,Phaethon_lepturus,1.0
Tuanake,Phaethon_lepturus,0.0
Vahitahi,Phaethon_lepturus,0.0
West_Fayu,Phaethon_lepturus,1.0
Woleai,Phaethon_lepturus,1.0
Abaiang,Phaethon_rubricauda,0.0
Ailinglaplap,Phaethon_rubricauda,0.0
Alphonse,Phaethon_rubricauda,0.0
Amanu,Phaethon_rubricauda,1.0
Analtin,Phaethon_rubricauda,0.0
Ari,Phaethon_rubricauda,0.0
Awin,Phaethon_rubricauda,0.0
Baa,Phaethon_rubricauda,0.0
Beru,Phaethon_rubricauda,1.0
Bramble_Haven,Phaethon_rubricauda,0.0
Budibudi,Phaethon_rubricauda,0.0
Chetlat,Phaethon_rubricauda,0.0
Dhaalu,Phaethon_rubricauda,0.0
Eauripik,Phaethon_rubricauda,0.0
Ebon,Phaethon_rubricauda,0.0
Elato,Phaethon_rubricauda,0.0
Faadhippolhu,Phaethon_rubricauda,0.0
Faafu,Phaethon_rubricauda,0.0
Faraulep,Phaethon_rubricauda,0.0
Felidhu,Phaethon_rubricauda,0.0
Gaafaru,Phaethon_rubricauda,0.0
Haddhunmathi,Phaethon_rubricauda,0.0
Hikueru,Phaethon_rubricauda,1.0
Hiti,Phaethon_rubricauda,1.0
Huvadhu,Phaethon_rubricauda,0.0
Ifalik,Phaethon_rubricauda,0.0
Ihavandhippolu,Phaethon_rubricauda,0.0
Kalpeni,Phaethon_rubricauda,0.0
Katiu,Phaethon_rubricauda,1.0
Kiltan,Phaethon_rubricauda,0.0
Kolhumadulu,Phaethon_rubricauda,0.0
Kuop,Phaethon_rubricauda,0.0
Lamotrek,Phaethon_rubricauda,0.0
Laualau,Phaethon_rubricauda,0.0
Lib,Phaethon_rubricauda,0.0
Liot,Phaethon_rubricauda,0.0
Long_Reef,Phaethon_rubricauda,0.0
Maalhosmadulu,Phaethon_rubricauda,0.0
Makemo,Phaethon_rubricauda,1.0
Makunudhoo,Phaethon_rubricauda,0.0
Male,Phaethon_rubricauda,0.0
Maloelap,Phaethon_rubricauda,0.0
Malum,Phaethon_rubricauda,0.0
Manuae,Phaethon_rubricauda,1.0
Marokau,Phaethon_rubricauda,1.0
Marutea_Nord,Phaethon_rubricauda,1.0
Meemu,Phaethon_rubricauda,0.0
Miladhunmadulu,Phaethon_rubricauda,0.0
Minicoy,Phaethon_rubricauda,0.0
Motutunga,Phaethon_rubricauda,1.0
Murilo,Phaethon_rubricauda,0.0
Namonuito,Phaethon_rubricauda,0.0
Namorik,Phaethon_rubricauda,0.0
Nanumanga,Phaethon_rubricauda,0.0
Nanumea,Phaethon_rubricauda,0.0
Ngulu,Phaethon_rubricauda,0.0
Nihiru,Phaethon_rubricauda,1.0
Nikunau,Phaethon_rubricauda,1.0
Nomwin,Phaethon_rubricauda,0.0
Nui,Phaethon_rubricauda,0.0
Nukufetau,Phaethon_rubricauda,0.0
Olimarao,Phaethon_rubricauda,0.0
Pinipel,Phaethon_rubricauda,0.0
Pulap,Phaethon_rubricauda,0.0
Pulusuk,Phaethon_rubricauda,0.0
Puluwat,Phaethon_rubricauda,0.0
Rasdhoo,Phaethon_rubricauda,0.0
Ravahere,Phaethon_rubricauda,1.0
Redlick,Phaethon_rubricauda,0.0
Rekareka,Phaethon_rubricauda,1.0
Ringgold,Phaethon_rubricauda,0.0
Rowa,Phaethon_rubricauda,0.0
Sama,Phaethon_rubricauda,0.0
Samasuma,Phaethon_rubricauda,0.0
St_Francois,Phaethon_rubricauda,0.0
Taenga,Phaethon_rubricauda,1.0
Tauere,Phaethon_rubricauda,1.0
Tenaruga,Phaethon_rubricauda,1.0
Tepoto,Phaethon_rubricauda,1.0
Thiladhunmathi,Phaethon_rubricauda,0.0
Tuanake,Phaethon_rubricauda,1.0
Vahitahi,Phaethon_rubricauda,1.0
West_Fayu,Phaethon_rubricauda,0.0
Woleai,Phaethon_rubricauda,0.0
Abaiang,Puffinus_bailloni,1.0
Ailinglaplap,Puffinus_bailloni,0.0
Alphonse,Puffinus_bailloni,1.0
Amanu,Puffinus_bailloni,0.0
Analtin,Puffinus_bailloni,0.0
Ari,Puffinus_bailloni,1.0
Awin,Puffinus_bailloni,0.0
Baa,Puffinus_bailloni,1.0
Beru,Puffinus_bailloni,1.0
Bramble_Haven,Puffinus_bailloni,0.0
Budibudi,Puffinus_bailloni,0.0
Chetlat,Puffinus_bailloni,0.0
Dhaalu,Puffinus_bailloni,1.0
Eauripik,Puffinus_bailloni,0.0
Ebon,Puffinus_bailloni,1.0
Elato,Puffinus_bailloni,0.0
Faadhippolhu,Puffinus_bailloni,1.0
Faafu,Puffinus_bailloni,1.0
Faraulep,Puffinus_bailloni,0.0
Felidhu,Puffinus_bailloni,1.0
Gaafaru,Puffinus_bailloni,1.0
Haddhunmathi,Puffinus_bailloni,1.0
Hikueru,Puffinus_bailloni,0.0
Hiti,Puffinus_bailloni,1.0
Huvadhu,Puffinus_bailloni,1.0
Ifalik,Puffinus_bailloni,0.0
Ihavandhippolu,Puffinus_bailloni,1.0
Kalpeni,Puffinus_bailloni,1.0
Katiu,Puffinus_bailloni,1.0
Kiltan,Puffinus_bailloni,1.0
Kolhumadulu,Puffinus_bailloni,1.0
Kuop,Puffinus_bailloni,0.0
Lamotrek,Puffinus_bailloni,0.0
Laualau,Puffinus_bailloni,0.0
Lib,Puffinus_bailloni,0.0
Liot,Puffinus_bailloni,0.0
Long_Reef,Puffinus_bailloni,0.0
Maalhosmadulu,Puffinus_bailloni,1.0
Makemo,Puffinus_bailloni,1.0
Makunudhoo,Puffinus_bailloni,1.0
Male,Puffinus_bailloni,1.0
Maloelap,Puffinus_bailloni,0.0
Malum,Puffinus_bailloni,1.0
Manuae,Puffinus_bailloni,0.0
Marokau,Puffinus_bailloni,0.0
Marutea_Nord,Puffinus_bailloni,1.0
Meemu,Puffinus_bailloni,1.0
Miladhunmadulu,Puffinus_bailloni,1.0
Minicoy,Puffinus_bailloni,1.0
Motutunga,Puffinus_bailloni,1.0
Murilo,Puffinus_bailloni,0.0
Namonuito,Puffinus_bailloni,0.0
Namorik,Puffinus_bailloni,0.0
Nanumanga,Puffinus_bailloni,1.0
Nanumea,Puffinus_bailloni,1.0
Ngulu,Puffinus_bailloni,0.0
Nihiru,Puffinus_bailloni,1.0
Nikunau,Puffinus_bailloni,1.0
Nomwin,Puffinus_bailloni,0.0
Nui,Puffinus_bailloni,1.0
Nukufetau,Puffinus_bailloni,1.0
Olimarao,Puffinus_bailloni,0.0
Pinipel,Puffinus_bailloni,1.0
Pulap,Puffinus_bailloni,0.0
Pulusuk,Puffinus_bailloni,0.0
Puluwat,Puffinus_bailloni,0.0
Rasdhoo,Puffinus_bailloni,1.0
Ravahere,Puffinus_bailloni,0.0
Redlick,Puffinus_bailloni,0.0
Rekareka,Puffinus_bailloni,0.0
Ringgold,Puffinus_bailloni,0.0
Rowa,Puffinus_bailloni,0.0
Sama,Puffinus_bailloni,0.0
Samasuma,Puffinus_bailloni,0.0
St_Francois,Puffinus_bailloni,1.0
Taenga,Puffinus_bailloni,1.0
Tauere,Puffinus_bailloni,0.0
Tenaruga,Puffinus_bailloni,0.0
Tepoto,Puffinus_bailloni,1.0
Thiladhunmathi,Puffinus_bailloni,1.0
Tuanake,Puffinus_bailloni,1.0
Vahitahi,Puffinus_bailloni,0.0
West_Fayu,Puffinus_bailloni,0.0
Woleai,Puffinus_bailloni,0.0
Abaiang,Puffinus_nativitatis,0.0
Ailinglaplap,Puffinus_nativitatis,0.0
Alphonse,Puffinus_nativitatis,0.0
Amanu,Puffinus_nativitatis,1.0
Analtin,Puffinus_nativitatis,0.0
Ari,Puffinus_nativitatis,0.0
Awin,Puffinus_nativitatis,0.0
Baa,Puffinus_nativitatis,0.0
Beru,Puffinus_nativitatis,1.0
Bramble_Haven,Puffinus_nativitatis,0.0
Budibudi,Puffinus_nativitatis,0.0
Chetlat,Puffinus_nativitatis,0.0
Dhaalu,Puffinus_nativitatis,0.0
Eauripik,Puffinus_nativitatis,0.0
Ebon,Puffinus_nativitatis,0.0
Elato,Puffinus_nativitatis,0.0
Faadhippolhu,Puffinus_nativitatis,0.0
Faafu,Puffinus_nativitatis,0.0
Faraulep,Puffinus_nativitatis,0.0
Felidhu,Puffinus_nativitatis,0.0
Gaafaru,Puffinus_nativitatis,0.0
Haddhunmathi,Puffinus_nativitatis,0.0
Hikueru,Puffinus_nativitatis,1.0
Hiti,Puffinus_nativitatis,0.0
Huvadhu,Puffinus_nativitatis,0.0
Ifalik,Puffinus_nativitatis,0.0
Ihavandhippolu,Puffinus_nativitatis,0.0
Kalpeni,Puffinus_nativitatis,0.0
Katiu,Puffinus_nativitatis,0.0
Kiltan,Puffinus_nativitatis,0.0
Kolhumadulu,Puffinus_nativitatis,0.0
Kuop,Puffinus_nativitatis,0.0
Lamotrek,Puffinus_nativitatis,0.0
Laualau,Puffinus_nativitatis,0.0
Lib,Puffinus_nativitatis,0.0
Liot,Puffinus_nativitatis,0.0
Long_Reef,Puffinus_nativitatis,0.0
Maalhosmadulu,Puffinus_nativitatis,0.0
Makemo,Puffinus_nativitatis,0.0
Makunudhoo,Puffinus_nativitatis,0.0
Male,Puffinus_nativitatis,0.0
Maloelap,Puffinus_nativitatis,0.0
Malum,Puffinus_nativitatis,0.0
Manuae,Puffinus_nativitatis,0.0
Marokau,Puffinus_nativitatis,1.0
Marutea_Nord,Puffinus_nativitatis,0.0
Meemu,Puffinus_nativitatis,0.0
Miladhunmadulu,Puffinus_nativitatis,0.0
Minicoy,Puffinus_nativitatis,0.0
Motutunga,Puffinus_nativitatis,0.0
Murilo,Puffinus_nativitatis,0.0
Namonuito,Puffinus_nativitatis,0.0
Namorik,Puffinus_nativitatis,0.0
Nanumanga,Puffinus_nativitatis,0.0
Nanumea,Puffinus_nativitatis,0.0
Ngulu,Puffinus_nativitatis,0.0
Nihiru,Puffinus_nativitatis,0.0
Nikunau,Puffinus_nativitatis,1.0
Nomwin,Puffinus_nativitatis,0.0
Nui,Puffinus_nativitatis,0.0
Nukufetau,Puffinus_nativitatis,0.0
Olimarao,Puffinus_nativitatis,0.0
Pinipel,Puffinus_nativitatis,0.0
Pulap,Puffinus_nativitatis,0.0
Pulusuk,Puffinus_nativitatis,0.0
Puluwat,Puffinus_nativitatis,0.0
Rasdhoo,Puffinus_nativitatis,0.0
Ravahere,Puffinus_nativitatis,1.0
Redlick,Puffinus_nativitatis,0.0
Rekareka,Puffinus_nativitatis,1.0
Ringgold,Puffinus_nativitatis,0.0
Rowa,Puffinus_nativitatis,0.0
Sama,Puffinus_nativitatis,0.0
Samasuma,Puffinus_nativitatis,0.0
St_Francois,Puffinus_nativitatis,0.0
Taenga,Puffinus_nativitatis,0.0
Tauere,Puffinus_nativitatis,1.0
Tenaruga,Puffinus_nativitatis,0.0
Tepoto,Puffinus_nativitatis,0.0
Thiladhunmathi,Puffinus_nativitatis,0.0
Tuanake,Puffinus_nativitatis,0.0
Vahitahi,Puffinus_nativitatis,1.0
West_Fayu,Puffinus_nativitatis,0.0
Woleai,Puffinus_nativitatis,0.0
Abaiang,Sterna_dougallii,0.0
Ailinglaplap,Sterna_dougallii,0.0
Alphonse,Sterna_dougallii,0.0
Amanu,Sterna_dougallii,1.0
Analtin,Sterna_dougallii,0.0
Ari,Sterna_dougallii,0.0
Awin,Sterna_dougallii,0.0
Baa,Sterna_dougallii,0.0
Beru,Sterna_dougallii,1.0
Bramble_Haven,Sterna_dougallii,0.0
Budibudi,Sterna_dougallii,0.0
Chetlat,Sterna_dougallii,0.0
Dhaalu,Sterna_dougallii,0.0
Eauripik,Sterna_dougallii,1.0
Ebon,Sterna_dougallii,0.0
Elato,Sterna_dougallii,0.0
Faadhippolhu,Sterna_dougallii,0.0
Faafu,Sterna_dougallii,0.0
Faraulep,Sterna_dougallii,1.0
Felidhu,Sterna_dougallii,0.0
Gaafaru,Sterna_dougallii,0.0
Haddhunmathi,Sterna_dougallii,0.0
Hikueru,Sterna_dougallii,0.0
Hiti,Sterna_dougallii,0.0
Huvadhu,Sterna_dougallii,1.0
Ifalik,Sterna_dougallii,1.0
Ihavandhippolu,Sterna_dougallii,0.0
Kalpeni,Sterna_dougallii,0.0
Katiu,Sterna_dougallii,0.0
Kiltan,Sterna_dougallii,0.0
Kolhumadulu,Sterna_dougallii,0.0
Kuop,Sterna_dougallii,0.0
Lamotrek,Sterna_dougallii,0.0
Laualau,Sterna_dougallii,0.0
Lib,Sterna_dougallii,0.0
Liot,Sterna_dougallii,0.0
Long_Reef,Sterna_dougallii,0.0
Maalhosmadulu,Sterna_dougallii,0.0
Makemo,Sterna_dougallii,1.0
Makunudhoo,Sterna_dougallii,0.0
Male,Sterna_dougallii,0.0
Maloelap,Sterna_dougallii,1.0
Malum,Sterna_dougallii,0.0
Manuae,Sterna_dougallii,1.0
Marokau,Sterna_dougallii,1.0
Marutea_Nord,Sterna_dougallii,0.0
Meemu,Sterna_dougallii,0.0
Miladhunmadulu,Sterna_dougallii,0.0
Minicoy,Sterna_dougallii,0.0
Motutunga,Sterna_dougallii,0.0
Murilo,Sterna_dougallii,0.0
Namonuito,Sterna_dougallii,1.0
Namorik,Sterna_dougallii,0.0
Nanumanga,Sterna_dougallii,0.0
Nanumea,Sterna_dougallii,1.0
Ngulu,Sterna_dougallii,1.0
Nihiru,Sterna_dougallii,1.0
Nikunau,Sterna_dougallii,1.0
Nomwin,Sterna_dougallii,0.0
Nui,Sterna_dougallii,0.0
Nukufetau,Sterna_dougallii,0.0
Olimarao,Sterna_dougallii,0.0
Pinipel,Sterna_dougallii,0.0
Pulap,Sterna_dougallii,0.0
Pulusuk,Sterna_dougallii,0.0
Puluwat,Sterna_dougallii,0.0
Rasdhoo,Sterna_dougallii,0.0
Ravahere,Sterna_dougallii,0.0
Redlick,Sterna_dougallii,0.0
Rekareka,Sterna_dougallii,1.0
Ringgold,Sterna_dougallii,0.0
Rowa,Sterna_dougallii,1.0
Sama,Sterna_dougallii,0.0
Samasuma,Sterna_dougallii,0.0
St_Francois,Sterna_dougallii,0.0
Taenga,Sterna_dougallii,1.0
Tauere,Sterna_dougallii,1.0
Tenaruga,Sterna_dougallii,0.0
Tepoto,Sterna_dougallii,0.0
Thiladhunmathi,Sterna_dougallii,0.0
Tuanake,Sterna_dougallii,0.0
Vahitahi,Sterna_dougallii,1.0
West_Fayu,Sterna_dougallii,1.0
Woleai,Sterna_dougallii,1.0
Abaiang,Sterna_sumatrana,1.0
Ailinglaplap,Sterna_sumatrana,1.0
Alphonse,Sterna_sumatrana,0.0
Amanu,Sterna_sumatrana,1.0
Analtin,Sterna_sumatrana,1.0
Ari,Sterna_sumatrana,1.0
Awin,Sterna_sumatrana,1.0
Baa,Sterna_sumatrana,1.0
Beru,Sterna_sumatrana,0.0
Bramble_Haven,Sterna_sumatrana,0.0
Budibudi,Sterna_sumatrana,0.0
Chetlat,Sterna_sumatrana,0.0
Dhaalu,Sterna_sumatrana,0.0
Eauripik,Sterna_sumatrana,0.0
Ebon,Sterna_sumatrana,0.0
Elato,Sterna_sumatrana,0.0
Faadhippolhu,Sterna_sumatrana,0.0
Faafu,Sterna_sumatrana,0.0
Faraulep,Sterna_sumatrana,0.0
Felidhu,Sterna_sumatrana,0.0
Gaafaru,Sterna_sumatrana,0.0
Haddhunmathi,Sterna_sumatrana,1.0
Hikueru,Sterna_sumatrana,1.0
Hiti,Sterna_sumatrana,1.0
Huvadhu,Sterna_sumatrana,1.0
Ifalik,Sterna_sumatrana,0.0
Ihavandhippolu,Sterna_sumatrana,0.0
Kalpeni,Sterna_sumatrana,0.0
Katiu,Sterna_sumatrana,1.0
Kiltan,Sterna_sumatrana,0.0
Kolhumadulu,Sterna_sumatrana,1.0
Kuop,Sterna_sumatrana,1.0
Lamotrek,Sterna_sumatrana,0.0
Laualau,Sterna_sumatrana,1.0
Lib,Sterna_sumatrana,0.0
Liot,Sterna_sumatrana,1.0
Long_Reef,Sterna_sumatrana,1.0
Maalhosmadulu,Sterna_sumatrana,1.0
Makemo,Sterna_sumatrana,1.0
Makunudhoo,Sterna_sumatrana,0.0
Male,Sterna_sumatrana,1.0
Maloelap,Sterna_sumatrana,1.0
Malum,Sterna_sumatrana,0.0
Manuae,Sterna_sumatrana,0.0
Marokau,Sterna_sumatrana,1.0
Marutea_Nord,Sterna_sumatrana,1.0
Meemu,Sterna_sumatrana,0.0
Miladhunmadulu,Sterna_sumatrana,1.0
Minicoy,Sterna_sumatrana,0.0
Motutunga,Sterna_sumatrana,1.0
Murilo,Sterna_sumatrana,1.0
Namonuito,Sterna_sumatrana,1.0
Namorik,Sterna_sumatrana,0.0
Nanumanga,Sterna_sumatrana,0.0
Nanumea,Sterna_sumatrana,0.0
Ngulu,Sterna_sumatrana,0.0
Nihiru,Sterna_sumatrana,1.0
Nikunau,Sterna_sumatrana,0.0
Nomwin,Sterna_sumatrana,1.0
Nui,Sterna_sumatrana,1.0
Nukufetau,Sterna_sumatrana,1.0
Olimarao,Sterna_sumatrana,0.0
Pinipel,Sterna_sumatrana,0.0
Pulap,Sterna_sumatrana,0.0
Pulusuk,Sterna_sumatrana,0.0
Puluwat,Sterna_sumatrana,0.0
Rasdhoo,Sterna_sumatrana,0.0
Ravahere,Sterna_sumatrana,1.0
Redlick,Sterna_sumatrana,0.0
Rekareka,Sterna_sumatrana,0.0
Ringgold,Sterna_sumatrana,1.0
Rowa,Sterna_sumatrana,1.0
Sama,Sterna_sumatrana,1.0
Samasuma,Sterna_sumatrana,1.0
St_Francois,Sterna_sumatrana,0.0
Taenga,Sterna_sumatrana,1.0
Tauere,Sterna_sumatrana,0.0
Tenaruga,Sterna_sumatrana,0.0
Tepoto,Sterna_sumatrana,1.0
Thiladhunmathi,Sterna_sumatrana,1.0
Tuanake,Sterna_sumatrana,1.0
Vahitahi,Sterna_sumatrana,0.0
West_Fayu,Sterna_sumatrana,0.0
Woleai,Sterna_sumatrana,0.0
Abaiang,Sula_dactylatra,0.0
Ailinglaplap,Sula_dactylatra,0.0
Alphonse,Sula_dactylatra,0.0
Amanu,Sula_dactylatra,1.0
Analtin,Sula_dactylatra,0.0
Ari,Sula_dactylatra,0.0
Awin,Sula_dactylatra,0.0
Baa,Sula_dactylatra,0.0
Beru,Sula_dactylatra,0.0
Bramble_Haven,Sula_dactylatra,0.0
Budibudi,Sula_dactylatra,0.0
Chetlat,Sula_dactylatra,0.0
Dhaalu,Sula_dactylatra,0.0
Eauripik,Sula_dactylatra,1.0
Ebon,Sula_dactylatra,0.0
Elato,Sula_dactylatra,0.0
Faadhippolhu,Sula_dactylatra,0.0
Faafu,Sula_dactylatra,0.0
Faraulep,Sula_dactylatra,1.0
Felidhu,Sula_dactylatra,0.0
Gaafaru,Sula_dactylatra,0.0
Haddhunmathi,Sula_dactylatra,0.0
Hikueru,Sula_dactylatra,1.0
Hiti,Sula_dactylatra,1.0
Huvadhu,Sula_dactylatra,0.0
Ifalik,Sula_dactylatra,1.0
Ihavandhippolu,Sula_dactylatra,0.0
Kalpeni,Sula_dactylatra,0.0
Katiu,Sula_dactylatra,1.0
Kiltan,Sula_dactylatra,0.0
Kolhumadulu,Sula_dactylatra,0.0
Kuop,Sula_dactylatra,0.0
Lamotrek,Sula_dactylatra,0.0
Laualau,Sula_dactylatra,0.0
Lib,Sula_dactylatra,1.0
Liot,Sula_dactylatra,0.0
Long_Reef,Sula_dactylatra,0.0
Maalhosmadulu,Sula_dactylatra,0.0
Makemo,Sula_dactylatra,0.0
Makunudhoo,Sula_dactylatra,0.0
Male,Sula_dactylatra,0.0
Maloelap,Sula_dactylatra,0.0
Malum,Sula_dactylatra,0.0
Manuae,Sula_dactylatra,1.0
Marokau,Sula_dactylatra,1.0
Marutea_Nord,Sula_dactylatra,1.0
Meemu,Sula_dactylatra,0.0
Miladhunmadulu,Sula_dactylatra,0.0
Minicoy,Sula_dactylatra,0.0
Motutunga,Sula_dactylatra,1.0
Murilo,Sula_dactylatra,0.0
Namonuito,Sula_dactylatra,0.0
Namorik,Sula_dactylatra,0.0
Nanumanga,Sula_dactylatra,1.0
Nanumea,Sula_dactylatra,1.0
Ngulu,Sula_dactylatra,0.0
Nihiru,Sula_dactylatra,1.0
Nikunau,Sula_dactylatra,1.0
Nomwin,Sula_dactylatra,0.0
Nui,Sula_dactylatra,0.0
Nukufetau,Sula_dactylatra,0.0
Olimarao,Sula_dactylatra,1.0
Pinipel,Sula_dactylatra,0.0
Pulap,Sula_dactylatra,0.0
Pulusuk,Sula_dactylatra,0.0
Puluwat,Sula_dactylatra,0.0
Rasdhoo,Sula_dactylatra,0.0
Ravahere,Sula_dactylatra,1.0
Redlick,Sula_dactylatra,0.0
Rekareka,Sula_dactylatra,1.0
Ringgold,Sula_dactylatra,1.0
Rowa,Sula_dactylatra,1.0
Sama,Sula_dactylatra,0.0
Samasuma,Sula_dactylatra,0.0
St_Francois,Sula_dactylatra,0.0
Taenga,Sula_dactylatra,1.0
Tauere,Sula_dactylatra,1.0
Tenaruga,Sula_dactylatra,1.0
Tepoto,Sula_dactylatra,1.0
Thiladhunmathi,Sula_dactylatra,0.0
Tuanake,Sula_dactylatra,1.0
Vahitahi,Sula_dactylatra,1.0
West_Fayu,Sula_dactylatra,1.0
Woleai,Sula_dactylatra,1.0
Abaiang,Sula_leucogaster,1.0
Ailinglaplap,Sula_leucogaster,1.0
Alphonse,Sula_leucogaster,0.0
Amanu,Sula_leucogaster,1.0
Analtin,Sula_leucogaster,0.0
Ari,Sula_leucogaster,1.0
Awin,Sula_leucogaster,0.0
Baa,Sula_leucogaster,1.0
Beru,Sula_leucogaster,1.0
Bramble_Haven,Sula_leucogaster,0.0
Budibudi,Sula_leucogaster,0.0
Chetlat,Sula_leucogaster,0.0
Dhaalu,Sula_leucogaster,1.0
Eauripik,Sula_leucogaster,0.0
Ebon,Sula_leucogaster,0.0
Elato,Sula_leucogaster,0.0
Faadhippolhu,Sula_leucogaster,1.0
Faafu,Sula_leucogaster,0.0
Faraulep,Sula_leucogaster,0.0
Felidhu,Sula_leucogaster,0.0
Gaafaru,Sula_leucogaster,0.0
Haddhunmathi,Sula_leucogaster,1.0
Hikueru,Sula_leucogaster,0.0
Hiti,Sula_leucogaster,0.0
Huvadhu,Sula_leucogaster,1.0
Ifalik,Sula_leucogaster,0.0
Ihavandhippolu,Sula_leucogaster,0.0
Kalpeni,Sula_leucogaster,0.0
Katiu,Sula_leucogaster,0.0
Kiltan,Sula_leucogaster,0.0
Kolhumadulu,Sula_leucogaster,1.0
Kuop,Sula_leucogaster,0.0
Lamotrek,Sula_leucogaster,0.0
Laualau,Sula_leucogaster,0.0
Lib,Sula_leucogaster,0.0
Liot,Sula_leucogaster,0.0
Long_Reef,Sula_leucogaster,0.0
Maalhosmadulu,Sula_leucogaster,1.0
Makemo,Sula_leucogaster,1.0
Makunudhoo,Sula_leucogaster,0.0
Male,Sula_leucogaster,1.0
Maloelap,Sula_leucogaster,1.0
Malum,Sula_leucogaster,0.0
Manuae,Sula_leucogaster,1.0
Marokau,Sula_leucogaster,1.0
Marutea_Nord,Sula_leucogaster,1.0
Meemu,Sula_leucogaster,1.0
Miladhunmadulu,Sula_leucogaster,1.0
Minicoy,Sula_leucogaster,0.0
Motutunga,Sula_leucogaster,0.0
Murilo,Sula_leucogaster,0.0
Namonuito,Sula_leucogaster,1.0
Namorik,Sula_leucogaster,0.0
Nanumanga,Sula_leucogaster,1.0
Nanumea,Sula_leucogaster,1.0
Ngulu,Sula_leucogaster,1.0
Nihiru,Sula_leucogaster,1.0
Nikunau,Sula_leucogaster,1.0
Nomwin,Sula_leucogaster,0.0
Nui,Sula_leucogaster,0.0
Nukufetau,Sula_leucogaster,0.0
Olimarao,Sula_leucogaster,0.0
Pinipel,Sula_leucogaster,0.0
Pulap,Sula_leucogaster,0.0
Pulusuk,Sula_leucogaster,0.0
Puluwat,Sula_leucogaster,0.0
Rasdhoo,Sula_leucogaster,0.0
Ravahere,Sula_leucogaster,0.0
Redlick,Sula_leucogaster,0.0
Rekareka,Sula_leucogaster,0.0
Ringgold,Sula_leucogaster,0.0
Rowa,Sula_leucogaster,1.0
Sama,Sula_leucogaster,0.0
Samasuma,Sula_leucogaster,0.0
St_Francois,Sula_leucogaster,0.0
Taenga,Sula_leucogaster,1.0
Tauere,Sula_leucogaster,0.0
Tenaruga,Sula_leucogaster,0.0
Tepoto,Sula_leucogaster,0.0
Thiladhunmathi,Sula_leucogaster,1.0
Tuanake,Sula_leucogaster,0.0
Vahitahi,Sula_leucogaster,0.0
West_Fayu,Sula_leucogaster,0.0
Woleai,Sula_leucogaster,1.0
Abaiang,Sula_sula,0.0
Ailinglaplap,Sula_sula,1.0
Alphonse,Sula_sula,0.0
Amanu,Sula_sula,1.0
Analtin,Sula_sula,0.0
Ari,Sula_sula,0.0
Awin,Sula_sula,0.0
Baa,Sula_sula,0.0
Beru,Sula_sula,0.0
Bramble_Haven,Sula_sula,0.0
Budibudi,Sula_sula,0.0
Chetlat,Sula_sula,0.0
Dhaalu,Sula_sula,0.0
Eauripik,Sula_sula,0.0
Ebon,Sula_sula,0.0
Elato,Sula_sula,0.0
Faadhippolhu,Sula_sula,0.0
Faafu,Sula_sula,0.0
Faraulep,Sula_sula,1.0
Felidhu,Sula_sula,0.0
Gaafaru,Sula_sula,0.0
Haddhunmathi,Sula_sula,0.0
Hikueru,Sula_sula,1.0
Hiti,Sula_sula,1.0
Huvadhu,Sula_sula,1.0
Ifalik,Sula_sula,0.0
Ihavandhippolu,Sula_sula,0.0
Kalpeni,Sula_sula,0.0
Katiu,Sula_sula,1.0
Kiltan,Sula_sula,0.0
Kolhumadulu,Sula_sula,0.0
Kuop,Sula_sula,0.0
Lamotrek,Sula_sula,0.0
Laualau,Sula_sula,0.0
Lib,Sula_sula,0.0
Liot,Sula_sula,0.0
Long_Reef,Sula_sula,0.0
Maalhosmadulu,Sula_sula,0.0
Makemo,Sula_sula,1.0
Makunudhoo,Sula_sula,0.0
Male,Sula_sula,0.0
Maloelap,Sula_sula,1.0
Malum,Sula_sula,0.0
Manuae,Sula_sula,1.0
Marokau,Sula_sula,1.0
Marutea_Nord,Sula_sula,1.0
Meemu,Sula_sula,0.0
Miladhunmadulu,Sula_sula,0.0
Minicoy,Sula_sula,0.0
Motutunga,Sula_sula,1.0
Murilo,Sula_sula,0.0
Namonuito,Sula_sula,0.0
Namorik,Sula_sula,0.0
Nanumanga,Sula_sula,1.0
Nanumea,Sula_sula,1.0
Ngulu,Sula_sula,0.0
Nihiru,Sula_sula,1.0
Nikunau,Sula_sula,1.0
Nomwin,Sula_sula,0.0
Nui,Sula_sula,1.0
Nukufetau,Sula_sula,1.0
Olimarao,Sula_sula,0.0
Pinipel,Sula_sula,0.0
Pulap,Sula_sula,0.0
Pulusuk,Sula_sula,0.0
Puluwat,Sula_sula,0.0
Rasdhoo,Sula_sula,0.0
Ravahere,Sula_sula,1.0
Redlick,Sula_sula,0.0
Rekareka,Sula_sula,1.0
Ringgold,Sula_sula,0.0
Rowa,Sula_sula,1.0
Sama,Sula_sula,0.0
Samasuma,Sula_sula,0.0
St_Francois,Sula_sula,0.0
Taenga,Sula_sula,1.0
Tauere,Sula_sula,1.0
Tenaruga,Sula_sula,1.0
Tepoto,Sula_sula,1.0
Thiladhunmathi,Sula_sula,0.0
Tuanake,Sula_sula,1.0
Vahitahi,Sula_sula,1.0
West_Fayu,Sula_sula,0.0
Woleai,Sula_sula,0.0
Abaiang,Thalasseus_bengalensis,0.0
Ailinglaplap,Thalasseus_bengalensis,0.0
Alphonse,Thalasseus_bengalensis,0.0
Amanu,Thalasseus_bengalensis,0.0
Analtin,Thalasseus_bengalensis,1.0
Ari,Thalasseus_bengalensis,0.0
Awin,Thalasseus_bengalensis,1.0
Baa,Thalasseus_bengalensis,0.0
Beru,Thalasseus_bengalensis,0.0
Bramble_Haven,Thalasseus_bengalensis,1.0
Budibudi,Thalasseus_bengalensis,1.0
Chetlat,Thalasseus_bengalensis,0.0
Dhaalu,Thalasseus_bengalensis,0.0
Eauripik,Thalasseus_bengalensis,0.0
Ebon,Thalasseus_bengalensis,1.0
Elato,Thalasseus_bengalensis,0.0
Faadhippolhu,Thalasseus_bengalensis,1.0
Faafu,Thalasseus_bengalensis,1.0
Faraulep,Thalasseus_bengalensis,0.0
Felidhu,Thalasseus_bengalensis,1.0
Gaafaru,Thalasseus_bengalensis,1.0
Haddhunmathi,Thalasseus_bengalensis,0.0
Hikueru,Thalasseus_bengalensis,0.0
Hiti,Thalasseus_bengalensis,0.0
Huvadhu,Thalasseus_bengalensis,0.0
Ifalik,Thalasseus_bengalensis,0.0
Ihavandhippolu,Thalasseus_bengalensis,1.0
Kalpeni,Thalasseus_bengalensis,1.0
Katiu,Thalasseus_bengalensis,0.0
Kiltan,Thalasseus_bengalensis,0.0
Kolhumadulu,Thalasseus_bengalensis,0.0
Kuop,Thalasseus_bengalensis,1.0
Lamotrek,Thalasseus_bengalensis,0.0
Laualau,Thalasseus_bengalensis,1.0
Lib,Thalasseus_bengalensis,0.0
Liot,Thalasseus_bengalensis,1.0
Long_Reef,Thalasseus_bengalensis,0.0
Maalhosmadulu,Thalasseus_bengalensis,0.0
Makemo,Thalasseus_bengalensis,0.0
Makunudhoo,Thalasseus_bengalensis,1.0
Male,Thalasseus_bengalensis,1.0
Maloelap,Thalasseus_bengalensis,0.0
Malum,Thalasseus_bengalensis,1.0
Manuae,Thalasseus_bengalensis,0.0
Marokau,Thalasseus_bengalensis,0.0
Marutea_Nord,Thalasseus_bengalensis,0.0
Meemu,Thalasseus_bengalensis,1.0
Miladhunmadulu,Thalasseus_bengalensis,0.0
Minicoy,Thalasseus_bengalensis,1.0
Motutunga,Thalasseus_bengalensis,0.0
Murilo,Thalasseus_bengalensis,0.0
Namonuito,Thalasseus_bengalensis,0.0
Namorik,Thalasseus_bengalensis,1.0
Nanumanga,Thalasseus_bengalensis,1.0
Nanumea,Thalasseus_bengalensis,0.0
Ngulu,Thalasseus_bengalensis,0.0
Nihiru,Thalasseus_bengalensis,0.0
Nikunau,Thalasseus_bengalensis,0.0
Nomwin,Thalasseus_bengalensis,0.0
Nui,Thalasseus_bengalensis,1.0
Nukufetau,Thalasseus_bengalensis,0.0
Olimarao,Thalasseus_bengalensis,0.0
Pinipel,Thalasseus_bengalensis,1.0
Pulap,Thalasseus_bengalensis,0.0
Pulusuk,Thalasseus_bengalensis,0.0
Puluwat,Thalasseus_bengalensis,0.0
Rasdhoo,Thalasseus_bengalensis,1.0
Ravahere,Thalasseus_bengalensis,0.0
Redlick,Thalasseus_bengalensis,1.0
Rekareka,Thalasseus_bengalensis,0.0
Ringgold,Thalasseus_bengalensis,0.0
Rowa,Thalasseus_bengalensis,0.0
Sama,Thalasseus_bengalensis,1.0
Samasuma,Thalasseus_bengalensis,1.0
St_Francois,Thalasseus_bengalensis,0.0
Taenga,Thalasseus_bengalensis,0.0
Tauere,Thalasseus_bengalensis,0.0
Tenaruga,Thalasseus_bengalensis,0.0
Tepoto,Thalasseus_bengalensis,0.0
Thiladhunmathi,Thalasseus_bengalensis,0.0
Tuanake,Thalasseus_bengalensis,0.0
Vahitahi,Thalasseus_bengalensis,0.0
West_Fayu,Thalasseus_bengalensis,0.0
Woleai,Thalasseus_bengalensis,0.0
Abaiang,Thalasseus_bergii,1.0
Ailinglaplap,Thalasseus_bergii,1.0
Alphonse,Thalasseus_bergii,1.0
Amanu,Thalasseus_bergii,0.0
Analtin,Thalasseus_bergii,1.0
Ari,Thalasseus_bergii,1.0
Awin,Thalasseus_bergii,1.0
Baa,Thalasseus_bergii,1.0
Beru,Thalasseus_bergii,0.0
Bramble_Haven,Thalasseus_bergii,1.0
Budibudi,Thalasseus_bergii,1.0
Chetlat,Thalasseus_bergii,1.0
Dhaalu,Thalasseus_bergii,1.0
Eauripik,Thalasseus_bergii,1.0
Ebon,Thalasseus_bergii,1.0
Elato,Thalasseus_bergii,1.0
Faadhippolhu,Thalasseus_bergii,1.0
Faafu,Thalasseus_bergii,1.0
Faraulep,Thalasseus_bergii,1.0
Felidhu,Thalasseus_bergii,1.0
Gaafaru,Thalasseus_bergii,1.0
Haddhunmathi,Thalasseus_bergii,1.0
Hikueru,Thalasseus_bergii,0.0
Hiti,Thalasseus_bergii,0.0
Huvadhu,Thalasseus_bergii,1.0
Ifalik,Thalasseus_bergii,1.0
Ihavandhippolu,Thalasseus_bergii,1.0
Kalpeni,Thalasseus_bergii,1.0
Katiu,Thalasseus_bergii,0.0
Kiltan,Thalasseus_bergii,1.0
Kolhumadulu,Thalasseus_bergii,1.0
Kuop,Thalasseus_bergii,1.0
Lamotrek,Thalasseus_bergii,1.0
Laualau,Thalasseus_bergii,1.0
Lib,Thalasseus_bergii,1.0
Liot,Thalasseus_bergii,1.0
Long_Reef,Thalasseus_bergii,1.0
Maalhosmadulu,Thalasseus_bergii,1.0
Makemo,Thalasseus_bergii,1.0
Makunudhoo,Thalasseus_bergii,1.0
Male,Thalasseus_bergii,1.0
Maloelap,Thalasseus_bergii,1.0
Malum,Thalasseus_bergii,1.0
Manuae,Thalasseus_bergii,0.0
Marokau,Thalasseus_bergii,0.0
Marutea_Nord,Thalasseus_bergii,0.0
Meemu,Thalasseus_bergii,1.0
Miladhunmadulu,Thalasseus_bergii,1.0
Minicoy,Thalasseus_bergii,1.0
Motutunga,Thalasseus_bergii,0.0
Murilo,Thalasseus_bergii,1.0
Namonuito,Thalasseus_bergii,1.0
Namorik,Thalasseus_bergii,1.0
Nanumanga,Thalasseus_bergii,0.0
Nanumea,Thalasseus_bergii,0.0
Ngulu,Thalasseus_bergii,1.0
Nihiru,Thalasseus_bergii,0.0
Nikunau,Thalasseus_bergii,0.0
Nomwin,Thalasseus_bergii,1.0
Nui,Thalasseus_bergii,0.0
Nukufetau,Thalasseus_bergii,0.0
Olimarao,Thalasseus_bergii,1.0
Pinipel,Thalasseus_bergii,1.0
Pulap,Thalasseus_bergii,1.0
Pulusuk,Thalasseus_bergii,1.0
Puluwat,Thalasseus_bergii,1.0
Rasdhoo,Thalasseus_bergii,1.0
Ravahere,Thalasseus_bergii,0.0
Redlick,Thalasseus_bergii,1.0
Rekareka,Thalasseus_bergii,0.0
Ringgold,Thalasseus_bergii,1.0
Rowa,Thalasseus_bergii,1.0
Sama,Thalasseus_bergii,1.0
Samasuma,Thalasseus_bergii,1.0
St_Francois,Thalasseus_bergii,1.0
Taenga,Thalasseus_bergii,0.0
Tauere,Thalasseus_bergii,0.0
Tenaruga,Thalasseus_bergii,0.0
Tepoto,Thalasseus_bergii,0.0
Thiladhunmathi,Thalasseus_bergii,1.0
Tuanake,Thalasseus_bergii,0.0
Vahitahi,Thalasseus_bergii,0.0
West_Fayu,Thalasseus_bergii,1.0
Woleai,Thalasseus_bergii,1.0
