atoll,region,seabird_data,lat,long,number_islets,land_area_sqkm,lagoon_area_sqkm,tropical_storms_50km,hurricanes_50km,hurricanes_100km,hurricanes_200km,distance_nearest_atoll_km,nearest_high_island,distance_nearest_high_island_km,distance_continent_km,human_population,annual_precipitation_mm
Abariringa,Central_Pacific,yes,-2.8167610,-171.6740990,3,9.2,51,0,0,0,0,194,Samoa,1176,4549,61,659
Abemama,Gilberts,yes,0.3927000,173.8657000,5,27.4,200,0,0,0,0,38,Nauru,775,3679,3262,
Abaiang,Gilberts,no,1.8569000,172.9472000,20,16.6,303,0,0,0,0,24,Nauru,715,3631,5872,
Addu,Maldives,yes,-0.6400900,73.1577910,29,15,111,0,0,0,0,48,Sri_Lanka,1073,1075,33694,2290
Ahe,Eastern_Polynesia,yes,-14.4784000,-146.3037000,77,12,145,0,0,1,2,25,Tahiti,469,6396,552,
Ahunui,Eastern_Polynesia,yes,-19.6342000,-140.4093,17,5.4,19,0,0,0,2,60,Tahiti,939,6718,0,
Ailinginae,Marshalls,yes,11.1443820,166.3782420,25,2.8,112,3,1,2,4,27,Kosrae,738,3560,0,1651
Ailinglaplap,Marshalls,no,7.3940000,168.7634000,56,14.7,777,2,1,3,6,67,Kosrae,674,3530,1729,
Ailuk,Marshalls,yes,10.3410084,169.9418605,57,5.4,192,2,2,2,3,89,Kosrae,938,3860,339,1778
Aldabra,Western_Indian_Ocean,yes,-9.4165480,46.3433660,46,155.4,191,2,0,0,3,132,Comores,356,650,0,673
Alphonse,Western_Indian_Ocean,no,-7.0206000,52.7374000,1,1.7,8,0,0,0,0,6,Mahe,391,1282,82,
Amanu,Eastern_Polynesia,no,-17.8076000,-140.7621,101,15.6,212,0,0,2,2,35,Tahiti,905,6738,192,
Anaa,Eastern_Polynesia,yes,-17.4166700,-145.5000000,70,38,112,0,2,2,3,70,Tahiti,386,9394,494,1584
Analtin,East_Papua,no,-1.1263000,144.3952000,11,5.6,36,0,0,0,0,8.8,Manus,259,1112,0,
Ant,Carolines,yes,6.7819444,157.9166667,12,2.8,74,1,1,3,6,29,Pohnpei,21,2566,0,4750
Anuanuraro,Eastern_Polynesia,yes,-20.4360000,-143.5355,6,2.2,9,0,1,2,3,31,Tahiti,653,6366,0,
Anuanurunga,Eastern_Polynesia,yes,-20.6135000,-143.287,5,1.17,3,0,1,1,3,24,Tahiti,686,6377,0,
Apataki,Eastern_Polynesia,yes,-15.4527000,-146.3248000,88,21,692,0,1,1,3,31,Tahiti,394,6353,350,
Aranuka,Gilberts,yes,0.1659000,173.6088000,4,13.2,39,0,0,0,0,32,Nauru,744,3531,1125,
Aratika,Eastern_Polynesia,yes,-15.5392000,-145.5294000,69,8.3,155,0,0,1,1,44,Tahiti,460,6400,160,1650
Ari,Maldives,no,3.8300000,72.8500000,105,9.26,2102,1,0,0,0,41,Sri_Lanka,834,679,14155,9.26
Arno,Marshalls,yes,7.0811720,171.6562687,133,13,378,3,0,0,2,32,Kosrae,968,3776,1794,3160
Arutua,Eastern_Polynesia,yes,-15.3217000,-146.7420000,65,15,528,0,1,1,4,32,Tahiti,372,6321,680,
Astove,Western_Indian_Ocean,yes,-10.0872180,47.7453840,15,7.9,9,3,1,2,4,38,Madagascar,263,778,0,848
Atafu,Central_Pacific,yes,-8.5602000,-172.4929000,52,2.5,16,1,0,0,3,92,Samoa,539,4108,541,2825
Aur,Marshalls,yes,8.2550000,171.0935000,42,15,237,4,1,1,4,27,Kosrae,946,3792,499,
Awin,East_Papua,no,-1.6490000,144.0179000,2,0.9,5,0,0,0,0,18,Manus,281,1019,0,
Baa,Maldives,no,4.8529000,72.9244000,75,7.29,78,0,0,0,0,18,Sri_Lanka,787,561,9578,
Bangaram,Lakshadweep,yes,10.9128000,72.2279000,6,1.2,23,2,1,1,6,58,Sri_Lanka,854,332,40,
Beautemps-Beaupre,Coral_Sea,yes,-20.3455000,166.1691000,2,0.5,78,13,6,10,30,37,New_Caledonia,105,1467,0,
Bellona,Coral_Sea,yes,-21.1560000,158.9917000,1,0.2,8132,6,3,5,17,130,New_Caledonia,538,813,0,
Beru,Gilberts,no,-1.3215000,175.9784000,1,19.6,20,0,0,0,0,71,Nauru,1007,3590,2051,
Bikar,Marshalls,yes,12.2511100,170.1030300,6,0.5,43,1,1,2,3,105,Kosrae,1088,3967,0,1143
Bikini,Marshalls,yes,11.5391494,165.2716261,23,6,633,4,0,1,6,110,Kosrae,738,3545,0,1544
Birnie,Central_Pacific,yes,-3.5847000,-171.5169000,1,0.49,0.03,0,0,0,0,67,Samoa,1093,4536,0,659
Bitra_Par,Lakshadweep,yes,11.5482000,72.1636000,2,0.2,33,1,0,3,5,73,Sri_Lanka,873,324,278,
Bokaak,Marshalls,yes,14.6559000,168.9733000,36,3.2,84,1,1,1,4,288,Kosrae,1215,4055,0,1143
Bramble_Haven,East_Papua,no,-11.2299000,152.0092000,5,0.8,144,3,1,1,2,43,Sudest,129,833,0,
Budibudi,East_Papua,no,-9.2862000,153.6736000,8,3.2,14,3,0,0,0,177,Muyua,74,1102,,
Butaritari,Gilberts,yes,3.1520000,172.8311000,32,13.49,342,0,0,0,0,129,Nauru,768,3651,3224,3195
Byramgore,Lakshadweep,yes,11.8942000,71.8011000,1,0.1,73,1,0,1,5,52,Sri_Lanka,930,340,0,
Caroline,Central_Pacific,yes,-9.9594389,-150.2053785,39,6.99,8,0,0,0,0,566,Bora_Bora,740,6196,0,1513
Cherbaniani,Lakshadweep,yes,12.3498000,71.9068000,3,0.1,31,3,1,1,7,50,Sri_Lanka,938,320,0,
Chesterfield,Coral_Sea,yes,-19.2865000,158.6077000,8,0.61,3761,17,10,16,21,77,New_Caledonia,573,885,0,1115
Chetlat,Lakshadweep,no,11.6935000,72.7078000,1,1.2,2,4,2,2,3,56,Sri_Lanka,822,260,2400,
Clipperton,East_Pacific,yes,10.3036471,-109.2163215,1,6,7,4,1,2,9,4223,Galapagos,2273,1089,0,5020
Cocos,Eastern_Indian_Ocean,yes,-12.1418760,96.8677068,25,14.2,104,10,1,3,6,2724,Christmas,963,2087,593,1994
Conflict,East_Papua,yes,-10.7804000,151.7980000,21,4.6,168,2,0,1,1,41,Misima,81,836,30,
Cosmoledo,Western_Indian_Ocean,yes,-9.7166700,47.5833300,23,5.13,106,3,1,2,4,38,Madagascar,304,773,0,848
Dhaalu,Maldives,no,2.8372000,72.9340000,56,2.6,657,0,0,0,0,22,Sri_Lanka,872,760,4967,
Diego_Garcia,Western_Indian_Ocean,yes,-7.3383584,72.4718155,60,30,131,0,0,0,1,134,Sri_Lanka,1713,1788,4239,2599
Ducie,Eastern_Polynesia,yes,-24.6740600,-124.7773300,4,0.69,2,0,0,0,0,609,Pitcairn,356,7925,0,1801
Eauripik,Carolines,no,6.6899000,143.0416000,3,0.2,8,7,4,9,15,111,Chuuk,942,1927,113,
Ebon,Marshalls,no,4.6340000,168.7192000,22,5.8,112,1,0,0,2,124,Kosrae,634,3353,706,
Egmont,Western_Indian_Ocean,yes,-6.6586000,71.3523000,6,4,22,2,0,0,0,129,Sri_Lanka,1711,1757,0,
Egum,East_Papua,yes,-9.4100000,151.9400000,6,7.32,492,0,0,0,0,149,Muyua,70,939,0,
Elato,Carolines,no,7.4406000,146.1477000,3,0.5,6,7,2,8,17,11,Kosrae,586,2049,96,
Enderbury,Central_Pacific,yes,-3.1263000,-171.0865000,1,6.38,0.56,0,0,0,0,65,Samoa,1147,4641,0,659
Eniwetok,Marshalls,yes,11.4205556,162.3405556,40,5.85,949,5,3,3,9,232,Pohnpei,656,3295,296,1523
Erikub,Marshalls,yes,9.1420000,170.0205000,14,1.5,275,4,0,2,2,23,Kosrae,878,3748,0,
Etal,Carolines,yes,5.5680556,153.5861111,17,1.36,17,2,0,1,4,10,Chuuk,263,2186,0,3400
Europa,Western_Indian_Ocean,yes,-22.3698000,40.3699000,1,28,5,17,3,8,22,119,Madagascar,298,495,0,137
Faadhippolhu,Maldives,no,5.3905000,73.5200000,52,3.4,622,1,0,0,0,37,Sri_Lanka,740,506,9190,
Faafu,Maldives,no,3.1951000,72.9295000,23,2,536,0,0,0,0,21,Sri_Lanka,858,728,3765,
Faaite,Eastern_Polynesia,yes,-16.7506000,-145.2421000,32,8.9,246,1,0,0,3,28,Tahiti,427,6359,246,
Fakahina,Eastern_Polynesia,yes,-15.9851000,-140.1331000,2,11.6,20,0,0,0,2,77,Tahiti,977,6882,155,
Fakaofo,Central_Pacific,yes,-9.3736000,-171.2162000,49,3,52,1,0,2,2,64,Samoa,464,4177,483,2951
Fakarava,Eastern_Polynesia,yes,-16.2928000,-145.6084000,104,24.1,1118,1,0,0,3,43,Tahiti,407,6331,837,
Fangatau,Eastern_Polynesia,yes,-15.8262000,-140.8618000,16,9.4,,1,0,0,1,77,Tahiti,906,6820,135,
Fangataufa,Eastern_Polynesia,yes,-22.2356000,-138.7401,29,5,,2,0,1,2,39,Mangareva,395,6748,0,
Faraulep,Carolines,no,8.5910000,144.5096000,3,0.4,,5,3,9,21,148,Chuuk,783,2139,221,
Farquhar,Western_Indian_Ocean,yes,-10.1825534,51.1651140,11,8.36,,6,2,3,6,365,Madagascar,277,1150,0,1350
Felidhu,Maldives,no,3.4608000,73.4660000,19,0.7,,1,0,0,0,31,Sri_Lanka,790,658,1606,
French_Frigate_Shoals,Hawaii,yes,23.7551000,-166.2096000,12,0.25,,2,1,2,6,607,Kauai,679,5389,0,939
Funafuti,Tuvalu,yes,-8.5155000,179.1130000,33,2.4,,2,0,1,4,93,Wallis,701,3404,6320,3391
Gaafaru,Maldives,no,4.7477000,73.4346000,2,0.24,,1,0,0,0,7,Sri_Lanka,747,563,1503,
Glorioso,Western_Indian_Ocean,yes,-11.5468000,47.3258000,10,5,,4,2,3,9,198,Madagascar,197,734,0,1012
Haddhunmathi,Maldives,no,1.9212000,73.4046000,82,10.7,,0,0,0,0,39,Sri_Lanka,873,803,14313,
Hao,Eastern_Polynesia,yes,-18.2471000,-140.8738,142,35,,0,0,1,2,33,Tahiti,873,6707,1027,
Haraiki,Eastern_Polynesia,yes,-17.4651000,-143.4489000,4,4,,1,0,0,0,46,Tahiti,601,6512,0,1560
Helen,Carolines,yes,2.8932000,131.7843000,1,0.02,,0,0,0,1,208,Morotai,346,1582,0,2915
Hereheretui,Eastern_Polynesia,yes,-19.8698000,-144.959,13,4,,1,1,2,3,158,Tahiti,492,6242,56,
Hikueru,Eastern_Polynesia,no,-17.5884000,-142.6158,15,8,,0,0,0,0,51,Tahiti,689,6568,179,
Hiti,Eastern_Polynesia,no,-16.7277000,-144.0955000,11,3,,0,0,0,0,10,Tahiti,546,6460,0,
Huon,Coral_Sea,yes,-18.1031000,162.8905000,1,0.26,,21,9,18,41,21,New_Caledonia,247,1354,0,
Huvadhu,Maldives,no,0.4824000,73.2750000,255,38.5,,0,0,0,0,87,Sri_Lanka,973,951,19275,
Ifalik,Carolines,no,7.2508000,144.4462000,4,1.47,,9,4,7,15,59,Chuuk,785,1995,561,
Ihavandhippolu,Maldives,no,7.0279000,72.9124000,25,,,2,0,1,1,22,Sri_Lanka,760,451,3081,
Jaluit,Marshalls,yes,6.1610085,169.4736579,91,11.34,,3,3,4,4,163,Kosrae,722,3498,1788,3091
Jemo,Marshalls,yes,10.0793600,169.5249000,1,0.16,,2,1,1,3,39,Kosrae,889,3768,0,
Johnston,Central_Pacific,yes,16.7289120,-169.5338365,4,2.67,,1,4,6,7,860,Kauai,1179,6163,0,703
Kademat,Lakshadweep,yes,11.2206000,72.7685000,1,3.55,,4,1,3,4,34,Sri_Lanka,826,277,5389,
Kalpeni,Lakshadweep,no,10.1026000,73.6394000,7,2.99,,4,0,1,7,142,Sri_Lanka,694,261,4526,
Kapingamarangi,Carolines,yes,1.0673232,154.7624414,33,1.1,,0,0,0,0,305,New_Ireland,561,1873,500,3193
Katiu,Eastern_Polynesia,no,-16.4236000,-144.3601000,32,10,,0,0,0,1,25,Tahiti,526,6454,250,
Kauehi,Eastern_Polynesia,yes,-15.8772000,-145.1562000,56,16,,0,0,0,2,31,Tahiti,472,6395,257,
Kaukura,Eastern_Polynesia,yes,-15.7563000,-146.6987000,51,13.5,,0,1,1,4,35,Tahiti,344,6251,475,
Kavaratti,Lakshadweep,yes,10.5590500,72.6365688,1,3.93,,1,1,1,6,61,Sri_Lanka,821,356,11473,1600
Kilinailau,East_Papua,yes,-4.7600000,155.3899000,7,0.6,,0,0,0,0,169,Bougainville,85,1554,2600,
Kiltan,Lakshadweep,no,11.4803000,73.0017000,1,1.78,,2,2,2,3,34,Sri_Lanka,804,241,4041,
Kiritimati,Central_Pacific,yes,1.8720000,-157.3842085,6,388,,0,0,0,0,295,Hawaii,1885,6126,7380,816
Kolhumadulu,Maldives,no,2.3764000,73.1045000,66,0.71,,0,0,0,0,35,Sri_Lanka,878,784,8493,
Kuop,Carolines,no,7.0496000,151.9280000,2,0.5,,5,1,4,11,85,Chuuk,25,2219,0,
Kure,Hawaii,yes,28.4192965,-178.3299095,2,0.86,,0,1,1,2,90,Kauai,1992,4180,0,1101
Kuria,Gilberts,yes,0.2322690,173.4130160,2,15.47,,0,0,0,0,38,Nauru,730,3522,1046,
Kwajalein,Marshalls,yes,9.3825055,167.0714106,97,16,,4,5,6,9,85,Kosrae,650,3539,1000,2508
Lae,Marshalls,yes,8.9367249,166.2321317,20,1.5,,5,2,4,8,51,Kosrae,528,3399,347,2286
Lamotrek,Carolines,no,7.4921000,146.3187000,3,0.98,,8,2,7,17,16,Chuuk,578,2057,373,
Laualau,East_Papua,no,-1.1265910,144.4933870,6,3.02,,0,0,0,0,8,Manus,250,1075,0,
Laysan,Hawaii,yes,25.7677650,-171.7328000,1,4.11,,2,0,1,1,460,Kauai,1278,4858,0,860
Lib,Marshalls,no,8.3132000,167.3805000,1,0.93,,9,2,4,5,66,Kosrae,581,3463,155,
Likiep,Marshalls,yes,9.9230228,169.0972652,65,10.26,,1,1,1,4,85,Kosrae,847,3717,401,1778
Liot,East_Papua,no,-1.4103000,144.5115000,1,1.27,,0,0,0,0,21,Manus,236,1049,,
Long_Reef,East_Papua,no,-11.1741000,151.5782000,8,3.4,,4,1,1,1,46,Papua,116,789,0,
Losap,Carolines,yes,6.8840000,152.6910000,10,1.33,,7,0,3,8,79,Chuuk,85,2252,448,3400
Lukunor,Carolines,yes,5.5552778,153.7425000,18,2.82,,2,0,0,5,8,Chuuk,272,2191,920,3439
Maalhosmadulu,Maldives,no,5.5827000,72.9493000,88,10.55,,0,0,0,0,17,Sri_Lanka,780,559,14756,
Makunudhoo,Maldives,no,6.3094000,72.6161000,4,0.86,,0,0,0,1,29,Sri_Lanka,802,512,1842,
Maiana,Gilberts,yes,0.9321000,173.0036000,13,16.71,,0,0,0,0,43,Nauru,690,3513,1982,
Majuro,Marshalls,yes,7.0909924,171.3816354,64,9.7,,2,0,1,3,32,Kosrae,920,3750,27797,3349
Makemo,Eastern_Polynesia,no,-16.6180000,-143.6890000,143,56,,0,0,0,0,41,Tahiti,589,6505,824,
Malden,Central_Pacific,yes,-4.0221000,-154.9250000,1,39.3,,0,0,0,0,207,Bora_Bora,1421,6039,0,727
Male,Maldives,no,4.4214000,73.5037000,107,12.92,,1,0,0,0,30,Sri_Lanka,748,582,119137,
Maloelap,Marshalls,no,8.7370000,171.0411000,71,9.8,,3,1,1,3,40,Kosrae,963,3824,682,
Malum,East_Papua,no,-3.1461000,154.4937000,17,,,0,0,0,0,9,New_Ireland,195,1560,0,
Manihi,Eastern_Polynesia,yes,-14.4038000,-145.9477000,105,13,,0,1,1,2,29,Tahiti,501,6388,650,
Manihiki,Eastern_Polynesia,yes,-10.4349377,-160.9958241,43,4,,0,0,0,1,43,Bora_Bora,1199,5136,212,2347
Manra,Central_Pacific,yes,-4.4556000,-171.2444000,1,4.4,,0,0,0,0,98,Samoa,999,4467,0,985
Manuae,Eastern_Polynesia,no,-19.2697000,-158.9441000,2,6.17,,6,2,5,8,459,Rarotonga,230,4903,0,
Manuhangi,Eastern_Polynesia,yes,-19.2011000,-141.2441,20,3.75,,0,0,0,2,55,Mangareva,778,6629,0,
Marakei,Gilberts,yes,2.0014000,173.2765000,2,14.13,,0,0,0,0,34,Nauru,755,3615,2799,
Maria,Eastern_Polynesia,yes,-21.8108390,-154.7053090,4,1.9,,2,0,1,3,520,Rarotonga,523,5246,0,1894
Maria_Est,Eastern_Polynesia,yes,-22.0160000,-136.1892,17,3.75,,0,0,0,1,60,Mangareva,171,7003,0,
Marokau,Eastern_Polynesia,no,-18.0605000,-142.2658,58,14.7,,0,0,0,0,13,Tahiti,726,6586,91,
Marutea_Nord,Eastern_Polynesia,no,-17.0245000,-143.1548000,35,2.7,,0,0,0,0,42,Tahiti,638,6541,0,
Marutea_Sud,Eastern_Polynesia,yes,-21.5207000,-135.5566,66,12,,3,1,1,1,82,Mangareva,183,7083,245,
Mataiva,Eastern_Polynesia,yes,-14.8831000,-148.6738000,12,25,,0,2,2,3,43,Tahiti,301,6100,280,
Matureivavao,Eastern_Polynesia,yes,-21.4721000,-136.3935000,26,2.5,,2,0,1,3,18,Mangareva,232,6992,0,1658
Maupihaa,Eastern_Polynesia,yes,-16.8098000,-153.9555000,11,2.6,,2,2,3,4,75,Maupiti,185,5526,10,1846
McKean,Central_Pacific,yes,-3.5954000,-174.1229000,1,0.57,,0,0,0,0,126,Samoa,1106,4413,0,659
Meemu,Maldives,no,2.9917000,73.5007000,33,3.31,,0,0,0,0,24,Sri_Lanka,809,706,4705,
Midway,Hawaii,yes,28.2417536,-177.3754308,3,6.27,,1,2,2,2,90,Kauai,1895,4243,0,1101
Miladhunmadulu,Maldives,no,5.9665000,73.2404000,71,22.8,,1,0,0,1,31,Sri_Lanka,741,483,16237,
Mili,Marshalls,yes,6.1310000,171.9422000,92,14.9,,1,0,0,2,92,Kosrae,988,3745,738,
Minicoy,Lakshadweep,no,8.2958000,73.0451000,1,4.8,,0,1,3,3,13,Sri_Lanka,742,383,10700,
Mokil,Carolines,yes,6.6816046,159.7562970,3,1.41,,4,1,3,6,114,Pohnpei,155,2714,200,2921
Morane,Eastern_Polynesia,yes,-23.1569000,-137.1332780,19,2.85,,2,1,1,2,155,Mangareva,211,6866,0,1658
Moruroa,Eastern_Polynesia,yes,-21.8347000,-138.8842000,93,15,,1,1,1,2,42,Mangareva,423,6748,0,1613
Motu_One,Eastern_Polynesia,yes,-15.8143000,-154.5224000,6,2.83,,2,3,3,4,74,Maupiti,247,5485,0,
Motutunga,Eastern_Polynesia,no,-17.1036000,-144.3686000,10,2.5,,1,0,0,2,26,Tahiti,509,6419,0,
Murilo,Carolines,no,8.6790000,152.2321000,11,1.27,,10,6,10,22,27,Chuuk,138,2388,1000,3000
Namoluk,Carolines,yes,5.9322222,153.1344444,5,1.37,,3,1,2,5,56,Chuuk,204,2187,407,3400
Namonuito,Carolines,no,8.9893699,150.1225296,12,4.5,,13,6,12,28,129,Chuuk,224,2285,1341,3000
Namorik,Marshalls,no,5.6137000,168.1155000,2,2.8,,4,1,2,4,119,Kosrae,563,3357,508,
Namu,Marshalls,yes,7.9867000,168.1679000,51,6.27,,7,3,4,7,72,Kosrae,638,3510,780,
Nanumanga,Tuvalu,no,-6.2885000,176.3202000,1,3,,1,0,0,0,67,Wallis,1066,3518,491,
Nanumea,Tuvalu,no,-5.6612000,176.1035000,2,3.9,,0,0,0,0,67,Wallis,1136,3303,512,
Napuka,Eastern_Polynesia,yes,-14.1726000,-141.2310000,18,8,,0,0,0,1,185,Fatu_Iva,489,6859,234,
Nengonengo,Eastern_Polynesia,yes,-18.7518000,-141.8072,24,9,,0,0,0,0,61,Tahiti,777,6600,54,
Ngcheangel,Carolines,yes,8.0869300,134.7195900,4,1.39,,9,3,7,24,12,Palau,34,2138,54,3810
Ngulu,Carolines,no,8.4507000,137.4544000,9,0.4,,16,9,20,31,280,Palau,323,2190,26,
Niau,Eastern_Polynesia,yes,-16.1530174,-146.3557281,1,20,,1,0,1,3,33,Tahiti,352,6276,226,1650
Nihiru,Eastern_Polynesia,no,-16.6922000,-142.8347000,33,20,,0,0,0,0,36,Tahiti,679,6588,11,
Nikumaroro,Central_Pacific,yes,-4.6764000,-174.5185000,1,3.98,,0,0,0,0,126,Samoa,991,4165,0,1319
Nikunau,Gilberts,no,-1.3475000,176.4512000,1,19.38,,0,0,0,0,46,Nauru,1059,3639,1789,
Ninigo,East_Papua,yes,-1.3121000,144.2766000,31,,,0,0,0,0,77,Manus,262,1063,2400,
Niutao,Tuvalu,yes,-6.1087000,177.3418000,1,2.53,,1,0,0,0,121,Rotuma,703,3381,582,2886
Nomwin,Carolines,no,8.5410640,151.7737010,12,1.52,,10,3,10,22,27,Chuuk,119,2366,1000,3000
Nonouti,Gilberts,yes,-0.6534000,174.3477000,15,21.02,,0,0,0,0,61,Nauru,820,3531,2792,
Nuguria,East_Papua,yes,-3.3195000,154.6854000,29,20,,0,0,0,0,21,New_Ireland,203,1566,50,
Nui,Tuvalu,no,-7.2258000,177.1546000,21,3.37,,0,0,0,0,153,Rotuma,581,3272,610,3304
Nukapu,East_Papua,yes,-10.0906000,166.0389000,1,0.7,,2,0,0,3,13,Nendo,62,2180,100,
Nukufetau,Tuvalu,no,-7.9942000,178.3778000,33,3.14,,0,0,0,1,63,Wallis,786,3323,597,
Nukulaelae,Tuvalu,yes,-9.3872000,179.8424000,15,1.97,,4,2,3,5,116,Rotuma,455,3433,300,3039
Nukumanu,East_Papua,yes,-4.5429000,159.3974000,22,4.6,,0,0,0,0,52,Choiseul,368,1926,730,
Nukunonu,Central_Pacific,yes,-9.1946700,-171.8549752,30,5.5,,0,0,1,2,64,Samoa,477,4141,448,2529
Nukuoro,Carolines,yes,3.8478000,154.9414000,40,1.7,,1,0,0,1,211,Pohnpei,483,2126,372,
Nukutepipi,Eastern_Polynesia,yes,-20.7045000,-143.0520000,4,2.3,,0,1,1,3,24,Tahiti,712,6404,0,1693
Numa_Miombilou,East_Papua,yes,-10.2280000,166.2353000,4,6.12,,1,0,0,3,26,Nendo,51,2143,5600,
Nupani,East_Papua,yes,-10.0834000,165.7290000,2,0.21,,3,0,0,4,34,Nendo,66,2101,100,4000
Oeno,Eastern_Polynesia,yes,-23.9256146,-130.7288579,2,0.69,,1,0,0,0,384,Pitcairn,140,7423,0,1801
Olimarao,Carolines,no,7.6901000,145.8716000,2,0.2,,8,4,6,18,37,Chuuk,628,2065,0,
Onotoa,Gilberts,yes,-1.8860500,175.5663300,3,15.62,,0,0,0,0,64,Nauru,968,3528,1393,1639
Ontong_Java,East_Papua,yes,-5.3490000,159.3282000,122,12,,0,0,0,0,74,Santa_Isabel,265,1862,2085,3200
Oroluk,Carolines,yes,7.5207959,155.2777433,1,0.13,,6,2,5,9,123,Pohnpei,318,2464,0,4100
Orona,Central_Pacific,yes,-4.5118000,-172.1798000,35,3.9,,0,0,0,0,101,Samoa,986,4386,0,1171
Ouvéa,Coral_Sea,yes,-20.5686000,166.4243000,31,132.1,,15,6,9,28,32,New_Caledonia,111,1481,340,1250
Pakin,Carolines,yes,7.0704589,157.8051074,21,1.09,,2,2,3,7,29,Pohnpei,37,2594,100,4770
Palmerston,Eastern_Polynesia,yes,-18.0474000,-163.1548000,12,2.6,,7,1,3,8,460,Rarotonga,494,4541,57,
Palmyra,Central_Pacific,yes,5.8822040,-162.0748745,20,11.9,,1,0,0,1,227,Hawaii,1599,6002,0,4442
Paraoa,Eastern_Polynesia,yes,-19.1365000,-140.69,10,4,,0,0,0,2,57,Mangareva,737,6690,0,
Pearl_and_Hermes,Hawaii,yes,27.8730000,-175.8354000,7,0.32,,0,1,1,3,149,Kauai,1742,4401,0,1082
Peremul_Par,Lakshadweep,yes,11.1499000,72.0609000,3,0.02,,2,1,1,6,29,Sri_Lanka,886,353,0,
Peros_Banhos,Western_Indian_Ocean,yes,-5.3542000,71.8489000,32,9.6,,1,0,0,0,37,Sri_Lanka,1557,1604,0,
Pinaki,Eastern_Polynesia,yes,-19.3949000,-138.6751,1,1.3,,0,2,2,3,55,Mangareva,560,6874,0,
Pingelap,Carolines,yes,6.2147306,160.6991088,3,1.8,,6,0,2,4,115,Pohnpei,264,2746,250,3719
Pinipel,East_Papua,no,-4.4000000,154.1201000,3,6.61,,0,0,0,0,8,New_Ireland,111,1452,901,
Pukapuka,Eastern_Polynesia,yes,-10.8858000,-165.8534000,3,3,,0,1,1,4,87,Samoa,632,4617,425,
Puka-Puka,Eastern_Polynesia,yes,-14.8176000,-138.8167000,21,5,,0,1,1,2,186,Fatu_Iva,470,7067,163,
Pukarua,Eastern_Polynesia,yes,-18.3159000,-137.0181,43,7,,0,0,0,2,61,Mangareva,569,7081,227,
Pulap,Carolines,no,7.5901000,149.4220000,3,0.99,,9,3,6,13,34,Chuuk,235,2157,1270,
Pulusuk,Carolines,no,6.6915000,149.3024000,1,2.84,,6,4,4,9,73,Chuuk,259,2064,451,
Puluwat,Carolines,no,7.3592000,149.1893000,5,3.4,,6,1,6,13,33,Chuuk,259,2126,1015,2420
Qelelevu,Fiji,yes,-16.1070000,-179.2810000,3,1.96,,7,5,11,18,35,Vanua_Levu,73,3055,0,2990
Rakahanga,Eastern_Polynesia,yes,-10.0165000,-161.0896000,11,4,,0,0,0,1,40,Samoa,1131,5121,83,
Rangiroa,Eastern_Polynesia,yes,-15.1224461,-147.5462090,415,79,,0,0,2,4,13,Tahiti,323,6193,2567,1752
Raraka,Eastern_Polynesia,yes,-16.1764000,-144.8953000,118,14,,0,0,0,2,30,Tahiti,483,6410,110,
Raroia,Eastern_Polynesia,yes,-16.0809000,-142.4241000,184,41,,0,0,0,0,28,Tahiti,752,6659,233,1854
Rasdhoo,Maldives,no,4.2921000,72.9834000,4,0.56,,1,0,0,0,13,Sri_Lanka,811,635,1067,
Ravahere,Eastern_Polynesia,no,-18.2358000,-142.1475,30,7,,0,0,0,0,11,Tahiti,739,6586,0,
Rawaki,Central_Pacific,yes,-3.7217000,-170.7118000,1,0.65,,0,0,0,0,90,Samoa,1089,4640,0,659
Reao,Eastern_Polynesia,yes,-18.5160000,-136.3717,108,9,,0,0,0,0,65,Mangareva,526,7135,351,
Redlick,East_Papua,no,-10.8735000,152.5466000,6,0.22,,3,0,1,2,67,Misima,24,904,0,
Reitoru,Eastern_Polynesia,yes,-17.8555000,-143.0744,6,1.39,,1,0,0,0,51,Tahiti,640,6514,0,1560
Rekareka,Eastern_Polynesia,no,-16.8340000,-141.9218000,3,3.31,,0,0,0,0,71,Tahiti,772,6672,0,
Ringgold,Fiji,no,-16.7177000,-179.4503000,3,0.23,,6,7,11,19,35,Vanua_Levu,68,3024,2990,
Rongelap,Marshalls,yes,11.1629026,166.8943033,61,21,,4,1,3,4,27,Kosrae,778,3626,79,1651
Rongerik,Marshalls,yes,11.3560000,167.4482000,22,1.68,,5,1,3,3,42,Kosrae,821,3682,0,
Rose,Central_Pacific,yes,-14.5424865,-168.1637445,2,0.05,,3,0,5,9,553,Luma,140,4217,0,2541
Rowa,East_Papua,no,-13.6239000,167.5185000,15,2,,9,0,5,15,682,Vanua_Lava,12,2028,0,
Saloman,Western_Indian_Ocean,yes,-5.3303000,72.2460000,11,3.56,,1,0,0,0,29,Sri_Lanka,1534,1590,0,
Sama,East_Papua,no,-1.4032000,144.0808000,4,0.73,,0,0,0,0,9,Manus,282,1042,0,
Sapwuahfik,Carolines,yes,5.8161306,157.2477972,10,1.5,,2,0,0,4,124,Pohnpei,144,2451,433,4000
Satawan,Carolines,yes,5.4915713,153.5423431,33,5,,2,0,0,4,8,Chuuk,280,2172,3000,3406
Scilly,Eastern_Polynesia,yes,-16.5434000,-154.6841000,13,3.5,,2,2,2,4,78,Maupiti,254,5452,40,1846
Sorol,Carolines,yes,8.1237710,140.4063600,9,0.93,,8,10,21,32,196,Colonia,287,2097,0,3250
St_Francois,Western_Indian_Ocean,no,-7.1177000,52.7490000,2,0.5,,0,0,0,0,8,Mahe,398,1321,0,
St_Joseph,Western_Indian_Ocean,yes,-5.4306000,53.3358000,13,1.21,,0,0,0,0,185,Mahe,249,1191,0,1490
Starbuck,Central_Pacific,yes,-5.6405000,-155.8776000,1,16.2,,0,0,0,0,207,Bora_Bora,1276,5853,0,800
Suheli_Par,Lakshadweep,yes,10.0774000,72.2915000,3,0.89,,3,1,4,7,144,Sri_Lanka,837,404,10,
Samasuma,East_Papua,no,-1.4810000,144.0458000,4,2.55,,0,0,0,0,8,Papua,224,1035,0,
Surprise,Coral_Sea,yes,-18.4121000,163.1109000,3,0.53,,17,8,15,39,34,New_Caledonia,202,1298,0,750
Suwarrow,Eastern_Polynesia,yes,-13.2279000,-163.1261000,57,0.92,,3,1,2,7,388,Luma,688,4791,0,2400
Swains,Central_Pacific,yes,-11.0529040,-171.0767349,1,2.43,,1,0,2,6,178,Samoa,293,4099,0,2500
Tabiteuea,Gilberts,yes,-1.4089000,174.8694000,43,38,,0,0,0,0,68,Nauru,878,3532,5261,1491
Tabuaeran,Central_Pacific,yes,3.8720000,-159.3170178,22,33.73,,0,0,0,0,143,Hawaii,1712,6093,1990,2082
Taenga,Eastern_Polynesia,no,-16.3574000,-143.1398000,55,20,,0,0,0,0,42,Tahiti,657,6574,113,
Tahanea,Eastern_Polynesia,yes,-16.8646000,-144.7778000,86,9.5,,1,0,0,2,39,Tahiti,473,6390,0,
Taiaro,Eastern_Polynesia,yes,-15.7438000,-144.6336000,15,16,,0,0,0,1,51,Tahiti,528,6456,0,
Taka,Marshalls,yes,11.1520422,169.6179182,6,0.57,,2,1,3,3,7,Kosrae,967,3852,0,1583
Takapoto,Eastern_Polynesia,yes,-14.6323339,-145.1763392,43,15,,0,1,1,1,10,Tahiti,547,6455,380,1615
Takaroa,Eastern_Polynesia,yes,-14.4496000,-144.9694000,69,20,,0,1,1,1,23,Tahiti,579,6482,674,
Tatakoto,Eastern_Polynesia,yes,-17.3416000,-138.3967,56,7.3,,0,1,1,3,173,Mangareva,734,6990,259,
Takume,Eastern_Polynesia,yes,-15.8099000,-142.2098000,71,5,,0,0,0,0,20,Tahiti,769,6691,116,
Takuu,East_Papua,yes,-4.7537000,156.9735000,13,1.11,,0,0,0,0,166,Bougainville,219,1703,600,
Tarawa,Gilberts,yes,1.4387000,172.9878000,29,31.02,,0,0,0,0,8,Nauru,703,3543,70480,2170
Tauere,Eastern_Polynesia,no,-17.3772000,-141.506,7,3.9,,0,0,0,2,85,Tahiti,809,6687,7,
Tekokota,Eastern_Polynesia,yes,-17.3135000,-142.5725000,4,0.9,,0,0,0,0,25,Tahiti,696,6586,0,1560
Temitangi,Eastern_Polynesia,yes,-21.6803000,-140.6266,43,7.7,,3,1,1,2,164,Mangareva,601,6589,58,
Temoe,Eastern_Polynesia,yes,-23.3466000,-134.4779,32,2.1,,0,0,0,0,271,Mangareva,55,7116,0,1707
Tenararo,Eastern_Polynesia,yes,-21.3043000,-136.7447000,8,1.6,,2,0,1,3,8,Mangareva,266,6974,0,1658
Tenaruga,Eastern_Polynesia,no,-21.3451000,-136.542,15,2.3,,1,0,1,3,9,Mangareva,251,6997,50,
Tepoto,Eastern_Polynesia,no,-16.8206000,-144.2804000,1,0.6,,0,0,0,1,16,Tahiti,526,6441,0,
Teraina,Central_Pacific,yes,4.6839252,-160.3783959,1,14.2,,0,0,0,0,139,Hawaii,1655,6046,1893,2949
Tetiaroa,Eastern_Polynesia,yes,-17.0162552,-149.5897766,12,6.45,,0,0,2,3,132,Tahiti,54,5921,250,2800
Thiladhunmathi,Maldives,no,6.7164000,73.0161000,82,39.39,,2,0,0,1,34,Sri_Lanka,756,467,29732,
Tikehau,Eastern_Polynesia,yes,-15.0031000,-148.1738000,175,20,,0,1,3,4,13,Tahiti,306,6157,529,1780
Toau,Eastern_Polynesia,yes,-15.9070000,-146.0233000,70,12,,0,0,1,3,33,Tahiti,389,6311,18,
Tongareva,Eastern_Polynesia,yes,-8.9985560,-157.9715000,18,9.84,,0,0,0,1,358,Maupiti,1028,5442,226,2289
Tuanake,Eastern_Polynesia,no,-16.6531000,-144.2148000,33,6,,0,0,0,0,12,Tahiti,536,6454,6,
Tubbataha,Philippines,yes,8.8500000,119.9333000,1,0.4,,4,0,1,7,1462,Palawan,158,1205,0,
Tupai,Eastern_Polynesia,yes,-16.2623000,-151.8165000,5,10.24,,2,0,2,5,197,Bora_Bora,23,5736,0,1970
Tureia,Eastern_Polynesia,yes,-20.8293000,-138.539,27,8,,1,0,2,3,61,Mangareva,444,6829,275,
Ujae,Marshalls,yes,9.0812091,165.6122758,15,1.86,,5,3,5,8,49,Kosrae,499,3367,364,2286
Ujelang,Marshalls,yes,9.8206101,160.9263437,30,1.86,,2,3,6,13,218,Pohnpei,424,3054,0,1966
Ulithi,Carolines,yes,9.9613889,139.6036111,40,4.5,,24,13,27,55,17,Colonia,166,2308,773,2832
Utirik,Marshalls,yes,11.0279314,169.7136025,10,2.4,,1,1,3,4,7,Kosrae,984,3873,350,1583
Vahanga,Eastern_Polynesia,yes,-21.3321000,-136.651,16,3.8,,1,0,1,3,8,Mangareva,260,6989,0,1658
Vahitahi,Eastern_Polynesia,no,-18.7742000,-138.8197,16,2.5,,1,1,2,3,73,Mangareva,622,6888,105,
Vairaatea,Eastern_Polynesia,yes,-19.3491000,-139.2201,6,3,,1,2,2,2,56,Mangareva,603,6823,57,
Vaitupu,Tuvalu,yes,-7.2792000,178.6782000,9,5.6,,0,0,0,1,57,Rotuma,580,3386,1061,3393
Vanavana,Eastern_Polynesia,yes,-20.7809000,-139.1407,6,5,,1,0,1,3,58,Mangareva,498,6771,0,
Wailagilala,Fiji,yes,-16.7732000,-179.1073000,1,0.3,,5,6,13,18,73,Vanua_Levu,114,3037,0,
Wake,Isolated_Pacific,yes,19.2960859,166.6269779,3,7.38,,2,3,5,12,858,Pohnpei,1631,3966,0,936
West_Fayu,Carolines,no,8.0743000,146.7162000,1,0.6,,8,5,8,22,74,Chuuk,539,2125,0,
Woleai,Carolines,no,7.3462000,143.8652000,18,4.5,,11,4,8,16,60,Chuuk,845,2002,1081,
Wotho,Marshalls,yes,9.9562337,166.1363121,13,4.33,,4,1,3,8,110,Kosrae,616,3476,97,2159
Wotje,Marshalls,yes,9.438,170.0167,75,8.18,,5,0,2,2,23,Kosrae,896,3774,859,
